File_accession	File_format	File_type	File_format_type	Output_type	File_assembly	Experiment_accession	Assay	Donor(s)	Biosample_term_id	Biosample_term_name	Biosample_type	Biosample_organism	Biosample_treatments	Biosample_treatments_amount	Biosample_treatments_duration	Biosample_genetic_modifications_methods	Biosample_genetic_modifications_categories	Biosample_genetic_modifications_targets	Biosample_genetic_modifications_gene_targets	Biosample_genetic_modifications_site_coordinates	Biosample_genetic_modifications_zygosity	Experiment_target	Library_made_from	Library_depleted_in	Library_extraction_method	Library_lysis_method	Library_crosslinking_method	Library_strand_specific	Experiment_date_released	Project	RBNS_protein_concentration	Library_fragmentation_method	Library_size_range	Biological_replicate(s)	Technical_replicate(s)	Read_length	Mapped_read_length	Run_type	Paired_end	Paired_with	Index_of	Derived_from	Size	Lab	md5sum	dbxrefs	File_download_URL	Genome_annotation	Platform	Controlled_by	File_Status	s3_uri	Azure_URL	File_analysis_title	File_analysis_status	Audit_WARNING	Audit_NOT_COMPLIANT	Audit_ERROR
ENCFF521ITF	fastq	fastq		reads		ENCSR851SBY	ATAC-seq	/human-donors/ENCDO451RUA/	UBERON:0000945	stomach	tissue	Homo_sapiens											DNA						2016-06-15	ENCODE			150-250	1	1_1	100		paired-ended	1	/files/ENCFF346CDZ/			4500653597	Michael_Snyder,_Stanford	64a38bff415be87efc61d2a63dacf8c4	SRA:SRR14305749	https://www.encodeproject.org/files/ENCFF521ITF/@@download/ENCFF521ITF.fastq.gz		Illumina_HiSeq_4000		released	s3://encode-public/2016/04/26/84d16288-9736-4af5-a298-3bdded655fa0/ENCFF521ITF.fastq.gz	https://datasetencode.blob.core.windows.net/dataset/2016/04/26/84d16288-9736-4af5-a298-3bdded655fa0/ENCFF521ITF.fastq.gz?sv=2019-10-10&si=prod&sr=c&sig=9qSQZo4ggrCNpybBExU8SypuUZV33igI11xw0P7rB3c%3D			mild_to_moderate_bottlenecking,_moderate_library_complexity,_moderate_number_of_reproducible_peaks	low_FRiP_score	
ENCFF346CDZ	fastq	fastq		reads		ENCSR851SBY	ATAC-seq	/human-donors/ENCDO451RUA/	UBERON:0000945	stomach	tissue	Homo_sapiens											DNA						2016-06-15	ENCODE			150-250	1	1_1	100		paired-ended	2	/files/ENCFF521ITF/			4736024950	Michael_Snyder,_Stanford	9b138d252f4515d7c6c96034d435e850	SRA:SRR14305749	https://www.encodeproject.org/files/ENCFF346CDZ/@@download/ENCFF346CDZ.fastq.gz		Illumina_HiSeq_4000		released	s3://encode-public/2016/04/26/6574fe31-5766-40d6-94b0-16f9010884da/ENCFF346CDZ.fastq.gz	https://datasetencode.blob.core.windows.net/dataset/2016/04/26/6574fe31-5766-40d6-94b0-16f9010884da/ENCFF346CDZ.fastq.gz?sv=2019-10-10&si=prod&sr=c&sig=9qSQZo4ggrCNpybBExU8SypuUZV33igI11xw0P7rB3c%3D			mild_to_moderate_bottlenecking,_moderate_library_complexity,_moderate_number_of_reproducible_peaks	low_FRiP_score	
ENCFF675QOY	bam	bam		alignments	GRCh38	ENCSR851SBY	ATAC-seq	/human-donors/ENCDO451RUA/	UBERON:0000945	stomach	tissue	Homo_sapiens											DNA						2016-06-15	ENCODE			150-250	1	1_1		101					/files/ENCFF521ITF/,_/files/ENCFF346CDZ/	5930910427	Anshul_Kundaje,_Stanford	85e4ba19db10cfa0f75dfd66f5ef0c61		https://www.encodeproject.org/files/ENCFF675QOY/@@download/ENCFF675QOY.bam				released	s3://encode-public/2016/12/22/205e2227-e2f8-489f-8ee3-acb6a996f8b6/ENCFF675QOY.bam	https://datasetencode.blob.core.windows.net/dataset/2016/12/22/205e2227-e2f8-489f-8ee3-acb6a996f8b6/ENCFF675QOY.bam?sv=2019-10-10&si=prod&sr=c&sig=9qSQZo4ggrCNpybBExU8SypuUZV33igI11xw0P7rB3c%3D	Lab_custom_GRCh38	archived	mild_to_moderate_bottlenecking,_moderate_library_complexity,_moderate_number_of_reproducible_peaks	low_FRiP_score	
ENCFF368VLY	bigWig	bigWig		signal_p-value	GRCh38	ENCSR851SBY	ATAC-seq	/human-donors/ENCDO451RUA/	UBERON:0000945	stomach	tissue	Homo_sapiens											DNA						2016-06-15	ENCODE			150-250	1	1_1							/files/ENCFF675QOY/	1174000349	Anshul_Kundaje,_Stanford	ae7151d7a23e1dac715f1edc6ad738d0		https://www.encodeproject.org/files/ENCFF368VLY/@@download/ENCFF368VLY.bigWig				released	s3://encode-public/2016/12/22/a658590c-4964-4f9f-9c62-90d8a00fa6a2/ENCFF368VLY.bigWig	https://datasetencode.blob.core.windows.net/dataset/2016/12/22/a658590c-4964-4f9f-9c62-90d8a00fa6a2/ENCFF368VLY.bigWig?sv=2019-10-10&si=prod&sr=c&sig=9qSQZo4ggrCNpybBExU8SypuUZV33igI11xw0P7rB3c%3D	Lab_custom_GRCh38	archived	mild_to_moderate_bottlenecking,_moderate_library_complexity,_moderate_number_of_reproducible_peaks	low_FRiP_score	
ENCFF415RKU	bigWig	bigWig		fold_change_over_control	GRCh38	ENCSR851SBY	ATAC-seq	/human-donors/ENCDO451RUA/	UBERON:0000945	stomach	tissue	Homo_sapiens											DNA						2016-06-15	ENCODE			150-250	1	1_1							/files/ENCFF675QOY/	1385037599	Anshul_Kundaje,_Stanford	4248853c99a6b9e3b77159319300b7de		https://www.encodeproject.org/files/ENCFF415RKU/@@download/ENCFF415RKU.bigWig				released	s3://encode-public/2016/12/22/c7634c18-a080-4b59-911f-582cb74191a6/ENCFF415RKU.bigWig	https://datasetencode.blob.core.windows.net/dataset/2016/12/22/c7634c18-a080-4b59-911f-582cb74191a6/ENCFF415RKU.bigWig?sv=2019-10-10&si=prod&sr=c&sig=9qSQZo4ggrCNpybBExU8SypuUZV33igI11xw0P7rB3c%3D	Lab_custom_GRCh38	archived	mild_to_moderate_bottlenecking,_moderate_library_complexity,_moderate_number_of_reproducible_peaks	low_FRiP_score	
ENCFF281QKD	bam	bam		unfiltered_alignments	GRCh38	ENCSR851SBY	ATAC-seq	/human-donors/ENCDO451RUA/	UBERON:0000945	stomach	tissue	Homo_sapiens											DNA						2016-06-15	ENCODE			150-250	1	1_1		101					/files/ENCFF346CDZ/,_/files/ENCFF110MCL/,_/files/ENCFF521ITF/	13538873235	ENCODE_Processing_Pipeline	8895c38189da3801582c2d83de6c4c0d		https://www.encodeproject.org/files/ENCFF281QKD/@@download/ENCFF281QKD.bam				released	s3://encode-public/2021/02/25/82a9663b-65e8-4c9c-b5db-352a83a31923/ENCFF281QKD.bam	https://datasetencode.blob.core.windows.net/dataset/2021/02/25/82a9663b-65e8-4c9c-b5db-352a83a31923/ENCFF281QKD.bam?sv=2019-10-10&si=prod&sr=c&sig=9qSQZo4ggrCNpybBExU8SypuUZV33igI11xw0P7rB3c%3D	ENCODE4_v1.9.1_GRCh38	released	mild_to_moderate_bottlenecking,_moderate_library_complexity,_moderate_number_of_reproducible_peaks	low_FRiP_score	
ENCFF858TZP	bam	bam		alignments	GRCh38	ENCSR851SBY	ATAC-seq	/human-donors/ENCDO451RUA/	UBERON:0000945	stomach	tissue	Homo_sapiens											DNA						2016-06-15	ENCODE			150-250	1	1_1		101					/files/ENCFF346CDZ/,_/files/ENCFF304XEX/,_/files/ENCFF521ITF/,_/files/ENCFF493CCB/,_/files/ENCFF140XLU/,_/files/ENCFF110MCL/,_/files/ENCFF212UAV/,_/files/ENCFF356LFX/	5993297882	ENCODE_Processing_Pipeline	a9aa1e42082d5d7f74fd99e66be88097		https://www.encodeproject.org/files/ENCFF858TZP/@@download/ENCFF858TZP.bam				released	s3://encode-public/2021/02/25/f656d0fd-8bf4-4730-8ae9-965f988e2414/ENCFF858TZP.bam	https://datasetencode.blob.core.windows.net/dataset/2021/02/25/f656d0fd-8bf4-4730-8ae9-965f988e2414/ENCFF858TZP.bam?sv=2019-10-10&si=prod&sr=c&sig=9qSQZo4ggrCNpybBExU8SypuUZV33igI11xw0P7rB3c%3D	ENCODE4_v1.9.1_GRCh38	released	mild_to_moderate_bottlenecking,_moderate_library_complexity,_moderate_number_of_reproducible_peaks	low_FRiP_score	
ENCFF872BRQ	bigWig	bigWig		signal_p-value	GRCh38	ENCSR851SBY	ATAC-seq	/human-donors/ENCDO451RUA/	UBERON:0000945	stomach	tissue	Homo_sapiens											DNA						2016-06-15	ENCODE			150-250	1	1_1							/files/ENCFF858TZP/	1295276136	ENCODE_Processing_Pipeline	87003ce0162d7b99b76449f8847d601a		https://www.encodeproject.org/files/ENCFF872BRQ/@@download/ENCFF872BRQ.bigWig				released	s3://encode-public/2021/02/25/3ec8dda8-3910-46a0-a548-8f2d6cd36182/ENCFF872BRQ.bigWig	https://datasetencode.blob.core.windows.net/dataset/2021/02/25/3ec8dda8-3910-46a0-a548-8f2d6cd36182/ENCFF872BRQ.bigWig?sv=2019-10-10&si=prod&sr=c&sig=9qSQZo4ggrCNpybBExU8SypuUZV33igI11xw0P7rB3c%3D	ENCODE4_v1.9.1_GRCh38	released	mild_to_moderate_bottlenecking,_moderate_library_complexity,_moderate_number_of_reproducible_peaks	low_FRiP_score	
ENCFF841ZHA	bigWig	bigWig		fold_change_over_control	GRCh38	ENCSR851SBY	ATAC-seq	/human-donors/ENCDO451RUA/	UBERON:0000945	stomach	tissue	Homo_sapiens											DNA						2016-06-15	ENCODE			150-250	1	1_1							/files/ENCFF858TZP/	1425410099	ENCODE_Processing_Pipeline	486b00b039875f77111f732b6a076554		https://www.encodeproject.org/files/ENCFF841ZHA/@@download/ENCFF841ZHA.bigWig				released	s3://encode-public/2021/02/25/24382bb9-d6ad-4677-a65a-4c816fa7f7bd/ENCFF841ZHA.bigWig	https://datasetencode.blob.core.windows.net/dataset/2021/02/25/24382bb9-d6ad-4677-a65a-4c816fa7f7bd/ENCFF841ZHA.bigWig?sv=2019-10-10&si=prod&sr=c&sig=9qSQZo4ggrCNpybBExU8SypuUZV33igI11xw0P7rB3c%3D	ENCODE4_v1.9.1_GRCh38	released	mild_to_moderate_bottlenecking,_moderate_library_complexity,_moderate_number_of_reproducible_peaks	low_FRiP_score	
ENCFF169UCZ	bed_idr_ranked_peak	bed	idr_ranked_peak	IDR_ranked_peaks	GRCh38	ENCSR851SBY	ATAC-seq	/human-donors/ENCDO451RUA/	UBERON:0000945	stomach	tissue	Homo_sapiens											DNA						2016-06-15	ENCODE			150-250	1	1_1							/files/ENCFF858TZP/	5370813	ENCODE_Processing_Pipeline	c16eda067b4881f4fb50bd45a0ddd5e5		https://www.encodeproject.org/files/ENCFF169UCZ/@@download/ENCFF169UCZ.bed.gz				released	s3://encode-public/2021/02/25/f6068eb7-6980-48be-aa15-e12567b96124/ENCFF169UCZ.bed.gz	https://datasetencode.blob.core.windows.net/dataset/2021/02/25/f6068eb7-6980-48be-aa15-e12567b96124/ENCFF169UCZ.bed.gz?sv=2019-10-10&si=prod&sr=c&sig=9qSQZo4ggrCNpybBExU8SypuUZV33igI11xw0P7rB3c%3D	ENCODE4_v1.9.1_GRCh38	released	mild_to_moderate_bottlenecking,_moderate_library_complexity,_moderate_number_of_reproducible_peaks	low_FRiP_score	
ENCFF430VEQ	bed_narrowPeak	bed	narrowPeak	IDR_thresholded_peaks	GRCh38	ENCSR851SBY	ATAC-seq	/human-donors/ENCDO451RUA/	UBERON:0000945	stomach	tissue	Homo_sapiens											DNA						2016-06-15	ENCODE			150-250	1	1_1							/files/ENCFF356LFX/,_/files/ENCFF858TZP/	1114050	ENCODE_Processing_Pipeline	bddb3ec0b4551319360b88c13b55fede		https://www.encodeproject.org/files/ENCFF430VEQ/@@download/ENCFF430VEQ.bed.gz				released	s3://encode-public/2021/02/25/8b898697-c591-472a-b20a-a23a1b5f9bfa/ENCFF430VEQ.bed.gz	https://datasetencode.blob.core.windows.net/dataset/2021/02/25/8b898697-c591-472a-b20a-a23a1b5f9bfa/ENCFF430VEQ.bed.gz?sv=2019-10-10&si=prod&sr=c&sig=9qSQZo4ggrCNpybBExU8SypuUZV33igI11xw0P7rB3c%3D	ENCODE4_v1.9.1_GRCh38	released	mild_to_moderate_bottlenecking,_moderate_library_complexity,_moderate_number_of_reproducible_peaks	low_FRiP_score	
ENCFF139JJY	bigBed_narrowPeak	bigBed	narrowPeak	IDR_thresholded_peaks	GRCh38	ENCSR851SBY	ATAC-seq	/human-donors/ENCDO451RUA/	UBERON:0000945	stomach	tissue	Homo_sapiens											DNA						2016-06-15	ENCODE			150-250	1	1_1							/files/ENCFF430VEQ/	2746386	ENCODE_Processing_Pipeline	1c1a319a93127ef097795966d44e0ee3		https://www.encodeproject.org/files/ENCFF139JJY/@@download/ENCFF139JJY.bigBed				released	s3://encode-public/2021/02/25/3463e1e2-4e0a-4a78-8c8d-551be8ed659f/ENCFF139JJY.bigBed	https://datasetencode.blob.core.windows.net/dataset/2021/02/25/3463e1e2-4e0a-4a78-8c8d-551be8ed659f/ENCFF139JJY.bigBed?sv=2019-10-10&si=prod&sr=c&sig=9qSQZo4ggrCNpybBExU8SypuUZV33igI11xw0P7rB3c%3D	ENCODE4_v1.9.1_GRCh38	released	mild_to_moderate_bottlenecking,_moderate_library_complexity,_moderate_number_of_reproducible_peaks	low_FRiP_score	
ENCFF028CAI	bed_narrowPeak	bed	narrowPeak	pseudoreplicated_peaks	GRCh38	ENCSR851SBY	ATAC-seq	/human-donors/ENCDO451RUA/	UBERON:0000945	stomach	tissue	Homo_sapiens											DNA						2016-06-15	ENCODE			150-250	1	1_1							/files/ENCFF356LFX/,_/files/ENCFF858TZP/	2604987	ENCODE_Processing_Pipeline	60a1926a8abb58c8943f5a66a9215d62		https://www.encodeproject.org/files/ENCFF028CAI/@@download/ENCFF028CAI.bed.gz				released	s3://encode-public/2021/02/25/f0c1fad4-79f9-4173-992e-42dc746d2051/ENCFF028CAI.bed.gz	https://datasetencode.blob.core.windows.net/dataset/2021/02/25/f0c1fad4-79f9-4173-992e-42dc746d2051/ENCFF028CAI.bed.gz?sv=2019-10-10&si=prod&sr=c&sig=9qSQZo4ggrCNpybBExU8SypuUZV33igI11xw0P7rB3c%3D	ENCODE4_v1.9.1_GRCh38	released	mild_to_moderate_bottlenecking,_moderate_library_complexity,_moderate_number_of_reproducible_peaks	low_FRiP_score	
ENCFF762IFP	bigBed_narrowPeak	bigBed	narrowPeak	pseudoreplicated_peaks	GRCh38	ENCSR851SBY	ATAC-seq	/human-donors/ENCDO451RUA/	UBERON:0000945	stomach	tissue	Homo_sapiens											DNA						2016-06-15	ENCODE			150-250	1	1_1							/files/ENCFF028CAI/	6390157	ENCODE_Processing_Pipeline	f6a97407b6ba4697108e74451fb3eaf4		https://www.encodeproject.org/files/ENCFF762IFP/@@download/ENCFF762IFP.bigBed				released	s3://encode-public/2021/02/25/4c185617-5c6e-48b2-9816-011d22463561/ENCFF762IFP.bigBed	https://datasetencode.blob.core.windows.net/dataset/2021/02/25/4c185617-5c6e-48b2-9816-011d22463561/ENCFF762IFP.bigBed?sv=2019-10-10&si=prod&sr=c&sig=9qSQZo4ggrCNpybBExU8SypuUZV33igI11xw0P7rB3c%3D	ENCODE4_v1.9.1_GRCh38	released	mild_to_moderate_bottlenecking,_moderate_library_complexity,_moderate_number_of_reproducible_peaks	low_FRiP_score	
ENCFF661KXO	fastq	fastq		reads		ENCSR549JEQ	snATAC-seq	/human-donors/ENCDO451RUA/	UBERON:0000945	stomach	tissue	Homo_sapiens											DNA						2022-03-23	ENCODE			200-750	1	1_1	50		paired-ended	2	/files/ENCFF184RJF/			5799445670	Bing_Ren,_UCSD	78e2e325da1a016d5570a170e29f8277		https://www.encodeproject.org/files/ENCFF661KXO/@@download/ENCFF661KXO.fastq.gz		Illumina_NextSeq_500		released	s3://encode-public/2020/07/21/aeda48cf-da4e-47ad-957a-cba02c754bb8/ENCFF661KXO.fastq.gz	https://datasetencode.blob.core.windows.net/dataset/2020/07/21/aeda48cf-da4e-47ad-957a-cba02c754bb8/ENCFF661KXO.fastq.gz?sv=2019-10-10&si=prod&sr=c&sig=9qSQZo4ggrCNpybBExU8SypuUZV33igI11xw0P7rB3c%3D					
ENCFF184RJF	fastq	fastq		reads		ENCSR549JEQ	snATAC-seq	/human-donors/ENCDO451RUA/	UBERON:0000945	stomach	tissue	Homo_sapiens											DNA						2022-03-23	ENCODE			200-750	1	1_1	50		paired-ended	1	/files/ENCFF661KXO/			5614362827	Bing_Ren,_UCSD	6b3f9aed858a3720dce2168fac9e78b8		https://www.encodeproject.org/files/ENCFF184RJF/@@download/ENCFF184RJF.fastq.gz		Illumina_NextSeq_500		released	s3://encode-public/2020/07/21/4f777f32-4915-4ad0-898d-2857499a7008/ENCFF184RJF.fastq.gz	https://datasetencode.blob.core.windows.net/dataset/2020/07/21/4f777f32-4915-4ad0-898d-2857499a7008/ENCFF184RJF.fastq.gz?sv=2019-10-10&si=prod&sr=c&sig=9qSQZo4ggrCNpybBExU8SypuUZV33igI11xw0P7rB3c%3D					
ENCFF122NKP	fastq	fastq		filtered_reads		ENCSR549JEQ	snATAC-seq	/human-donors/ENCDO451RUA/	UBERON:0000945	stomach	tissue	Homo_sapiens											DNA						2022-03-23	ENCODE			200-750	1	1_1	50		paired-ended	1	/files/ENCFF281TCU/		/files/ENCFF184RJF/,_/files/ENCFF661KXO/	5612966280	Anshul_Kundaje,_Stanford	40d6b1ee202736985313ddcc75a075ef		https://www.encodeproject.org/files/ENCFF122NKP/@@download/ENCFF122NKP.fastq.gz		Illumina_NextSeq_500		released	s3://encode-public/2021/12/16/d917793c-7286-4323-a2d8-5badb81e6e53/ENCFF122NKP.fastq.gz	https://datasetencode.blob.core.windows.net/dataset/2021/12/16/d917793c-7286-4323-a2d8-5badb81e6e53/ENCFF122NKP.fastq.gz?sv=2019-10-10&si=prod&sr=c&sig=9qSQZo4ggrCNpybBExU8SypuUZV33igI11xw0P7rB3c%3D					
ENCFF281TCU	fastq	fastq		filtered_reads		ENCSR549JEQ	snATAC-seq	/human-donors/ENCDO451RUA/	UBERON:0000945	stomach	tissue	Homo_sapiens											DNA						2022-03-23	ENCODE			200-750	1	1_1	50		paired-ended	2	/files/ENCFF122NKP/		/files/ENCFF184RJF/,_/files/ENCFF661KXO/	5808236802	Anshul_Kundaje,_Stanford	8f24e92d135dec87486bc29e4f0f3135		https://www.encodeproject.org/files/ENCFF281TCU/@@download/ENCFF281TCU.fastq.gz		Illumina_NextSeq_500		released	s3://encode-public/2021/12/16/08bec720-b24b-4db4-b196-3ef46d045587/ENCFF281TCU.fastq.gz	https://datasetencode.blob.core.windows.net/dataset/2021/12/16/08bec720-b24b-4db4-b196-3ef46d045587/ENCFF281TCU.fastq.gz?sv=2019-10-10&si=prod&sr=c&sig=9qSQZo4ggrCNpybBExU8SypuUZV33igI11xw0P7rB3c%3D					
ENCFF832RHH	bam	bam		unfiltered_alignments	GRCh38	ENCSR549JEQ	snATAC-seq	/human-donors/ENCDO451RUA/	UBERON:0000945	stomach	tissue	Homo_sapiens											DNA						2022-03-23	ENCODE			200-750	1	1_1		51					/files/ENCFF122NKP/,_/files/ENCFF281TCU/	18748283838	Anshul_Kundaje,_Stanford	4dedf812ad1b1d6ef55d59ba5251eba6		https://www.encodeproject.org/files/ENCFF832RHH/@@download/ENCFF832RHH.bam				released	s3://encode-public/2021/12/16/e4be43e7-9bdd-4b4e-824e-39897e800a8e/ENCFF832RHH.bam	https://datasetencode.blob.core.windows.net/dataset/2021/12/16/e4be43e7-9bdd-4b4e-824e-39897e800a8e/ENCFF832RHH.bam?sv=2019-10-10&si=prod&sr=c&sig=9qSQZo4ggrCNpybBExU8SypuUZV33igI11xw0P7rB3c%3D	Lab_custom_GRCh38	released			
ENCFF870GDU	bam	bam		alignments	GRCh38	ENCSR549JEQ	snATAC-seq	/human-donors/ENCDO451RUA/	UBERON:0000945	stomach	tissue	Homo_sapiens											DNA						2022-03-23	ENCODE			200-750	1	1_1		51					/files/ENCFF832RHH/	3147119716	Anshul_Kundaje,_Stanford	41e9a82fce16729e054ae867a81958ee		https://www.encodeproject.org/files/ENCFF870GDU/@@download/ENCFF870GDU.bam				released	s3://encode-public/2021/12/16/714f5f6a-9d1f-4cf5-9c69-5dadf97189fa/ENCFF870GDU.bam	https://datasetencode.blob.core.windows.net/dataset/2021/12/16/714f5f6a-9d1f-4cf5-9c69-5dadf97189fa/ENCFF870GDU.bam?sv=2019-10-10&si=prod&sr=c&sig=9qSQZo4ggrCNpybBExU8SypuUZV33igI11xw0P7rB3c%3D	Lab_custom_GRCh38	released			
ENCFF103XHP	tar	tar		fragments	GRCh38	ENCSR549JEQ	snATAC-seq	/human-donors/ENCDO451RUA/	UBERON:0000945	stomach	tissue	Homo_sapiens											DNA						2022-03-23	ENCODE			200-750	1	1_1							/files/ENCFF870GDU/	295690411	Anshul_Kundaje,_Stanford	efcd380081f47a1c544abd3f51f7983a		https://www.encodeproject.org/files/ENCFF103XHP/@@download/ENCFF103XHP.tar.gz				released	s3://encode-public/2021/12/16/f7c7d1c1-6099-43ff-bcb0-065173e6bf8c/ENCFF103XHP.tar.gz	https://datasetencode.blob.core.windows.net/dataset/2021/12/16/f7c7d1c1-6099-43ff-bcb0-065173e6bf8c/ENCFF103XHP.tar.gz?sv=2019-10-10&si=prod&sr=c&sig=9qSQZo4ggrCNpybBExU8SypuUZV33igI11xw0P7rB3c%3D	Lab_custom_GRCh38	released			
ENCFF278NCS	bed_bed3+	bed	bed3+	FDR_cut_rate	GRCh38	ENCSR163PKT	DNase-seq	/human-donors/ENCDO451RUA/	UBERON:0000945	stomach	tissue	Homo_sapiens											DNA						2017-10-01	ENCODE				1	1_1							/files/ENCFF030IXL/,_/files/ENCFF967OQF/	311802641	ENCODE_Processing_Pipeline	64bcdda77d63e2a0b08e92247167ea0b		https://www.encodeproject.org/files/ENCFF278NCS/@@download/ENCFF278NCS.bed.gz				released	s3://encode-public/2018/05/04/79e24f49-9a7a-4d4d-9f79-78437b7fe7d8/ENCFF278NCS.bed.gz	https://datasetencode.blob.core.windows.net/dataset/2018/05/04/79e24f49-9a7a-4d4d-9f79-78437b7fe7d8/ENCFF278NCS.bed.gz?sv=2019-10-10&si=prod&sr=c&sig=9qSQZo4ggrCNpybBExU8SypuUZV33igI11xw0P7rB3c%3D	ENCODE3_GRCh38	archived			extremely_low_spot_score
ENCFF206LGO	bed_broadPeak	bed	broadPeak	hotspots	GRCh38	ENCSR163PKT	DNase-seq	/human-donors/ENCDO451RUA/	UBERON:0000945	stomach	tissue	Homo_sapiens											DNA						2017-10-01	ENCODE				1	1_1							/files/ENCFF030IXL/,_/files/ENCFF967OQF/	2808124	ENCODE_Processing_Pipeline	812646da732c31f783bb405f0c730f51		https://www.encodeproject.org/files/ENCFF206LGO/@@download/ENCFF206LGO.bed.gz				released	s3://encode-public/2018/05/04/b6ebd320-584d-4c8e-a2e5-0f54bd3fbbc1/ENCFF206LGO.bed.gz	https://datasetencode.blob.core.windows.net/dataset/2018/05/04/b6ebd320-584d-4c8e-a2e5-0f54bd3fbbc1/ENCFF206LGO.bed.gz?sv=2019-10-10&si=prod&sr=c&sig=9qSQZo4ggrCNpybBExU8SypuUZV33igI11xw0P7rB3c%3D	ENCODE3_GRCh38	archived			extremely_low_spot_score
ENCFF988ZPF	bed_narrowPeak	bed	narrowPeak	peaks	GRCh38	ENCSR163PKT	DNase-seq	/human-donors/ENCDO451RUA/	UBERON:0000945	stomach	tissue	Homo_sapiens											DNA						2017-10-01	ENCODE				1	1_1							/files/ENCFF030IXL/,_/files/ENCFF967OQF/	2229871	ENCODE_Processing_Pipeline	459f3229996c2538f28dbf1dd3a10382		https://www.encodeproject.org/files/ENCFF988ZPF/@@download/ENCFF988ZPF.bed.gz				released	s3://encode-public/2018/05/04/efc13b43-c488-4fdc-9f0a-eaae97b3ffef/ENCFF988ZPF.bed.gz	https://datasetencode.blob.core.windows.net/dataset/2018/05/04/efc13b43-c488-4fdc-9f0a-eaae97b3ffef/ENCFF988ZPF.bed.gz?sv=2019-10-10&si=prod&sr=c&sig=9qSQZo4ggrCNpybBExU8SypuUZV33igI11xw0P7rB3c%3D	ENCODE3_GRCh38	archived			extremely_low_spot_score
ENCFF278DYC	bigBed_narrowPeak	bigBed	narrowPeak	peaks	GRCh38	ENCSR163PKT	DNase-seq	/human-donors/ENCDO451RUA/	UBERON:0000945	stomach	tissue	Homo_sapiens											DNA						2017-10-01	ENCODE				1	1_1							/files/ENCFF030IXL/,_/files/ENCFF967OQF/	3313453	ENCODE_Processing_Pipeline	29cee87ca851da20aa300cc1da4b3338		https://www.encodeproject.org/files/ENCFF278DYC/@@download/ENCFF278DYC.bigBed				released	s3://encode-public/2018/05/04/8f7be4d3-69b1-4c5b-b3a5-f8257d629735/ENCFF278DYC.bigBed	https://datasetencode.blob.core.windows.net/dataset/2018/05/04/8f7be4d3-69b1-4c5b-b3a5-f8257d629735/ENCFF278DYC.bigBed?sv=2019-10-10&si=prod&sr=c&sig=9qSQZo4ggrCNpybBExU8SypuUZV33igI11xw0P7rB3c%3D	ENCODE3_GRCh38	archived			extremely_low_spot_score
ENCFF942QZX	bigBed_broadPeak	bigBed	broadPeak	hotspots	GRCh38	ENCSR163PKT	DNase-seq	/human-donors/ENCDO451RUA/	UBERON:0000945	stomach	tissue	Homo_sapiens											DNA						2017-10-01	ENCODE				1	1_1							/files/ENCFF030IXL/,_/files/ENCFF967OQF/	4546730	ENCODE_Processing_Pipeline	c1bd87d3bf3058111ca89f49911a4fbf		https://www.encodeproject.org/files/ENCFF942QZX/@@download/ENCFF942QZX.bigBed				released	s3://encode-public/2018/05/04/dbe9c4fb-8e6b-441e-a473-638417f37177/ENCFF942QZX.bigBed	https://datasetencode.blob.core.windows.net/dataset/2018/05/04/dbe9c4fb-8e6b-441e-a473-638417f37177/ENCFF942QZX.bigBed?sv=2019-10-10&si=prod&sr=c&sig=9qSQZo4ggrCNpybBExU8SypuUZV33igI11xw0P7rB3c%3D	ENCODE3_GRCh38	archived			extremely_low_spot_score
ENCFF850LKT	bed_bed3+	bed	bed3+	FDR_cut_rate	hg19	ENCSR163PKT	DNase-seq	/human-donors/ENCDO451RUA/	UBERON:0000945	stomach	tissue	Homo_sapiens											DNA						2017-10-01	ENCODE				1	1_1							/files/ENCFF184XKI/,_/files/ENCFF390DNP/	312073169	ENCODE_Processing_Pipeline	199dc1f4905964aeb8f1aa3b46d15864		https://www.encodeproject.org/files/ENCFF850LKT/@@download/ENCFF850LKT.bed.gz				released	s3://encode-public/2018/05/14/2d8a6f6e-1d5c-4a7d-94a3-bbc2df15d249/ENCFF850LKT.bed.gz	https://datasetencode.blob.core.windows.net/dataset/2018/05/14/2d8a6f6e-1d5c-4a7d-94a3-bbc2df15d249/ENCFF850LKT.bed.gz?sv=2019-10-10&si=prod&sr=c&sig=9qSQZo4ggrCNpybBExU8SypuUZV33igI11xw0P7rB3c%3D	ENCODE3_hg19	archived			extremely_low_spot_score
ENCFF707NHR	bed_broadPeak	bed	broadPeak	hotspots	hg19	ENCSR163PKT	DNase-seq	/human-donors/ENCDO451RUA/	UBERON:0000945	stomach	tissue	Homo_sapiens											DNA						2017-10-01	ENCODE				1	1_1							/files/ENCFF184XKI/,_/files/ENCFF390DNP/	2805911	ENCODE_Processing_Pipeline	be1b132e470466752bef0b32cf0b0e88		https://www.encodeproject.org/files/ENCFF707NHR/@@download/ENCFF707NHR.bed.gz				released	s3://encode-public/2018/05/14/9542947b-37ff-4599-b31a-e82712e5a591/ENCFF707NHR.bed.gz	https://datasetencode.blob.core.windows.net/dataset/2018/05/14/9542947b-37ff-4599-b31a-e82712e5a591/ENCFF707NHR.bed.gz?sv=2019-10-10&si=prod&sr=c&sig=9qSQZo4ggrCNpybBExU8SypuUZV33igI11xw0P7rB3c%3D	ENCODE3_hg19	archived			extremely_low_spot_score
ENCFF229RBJ	bed_narrowPeak	bed	narrowPeak	peaks	hg19	ENCSR163PKT	DNase-seq	/human-donors/ENCDO451RUA/	UBERON:0000945	stomach	tissue	Homo_sapiens											DNA						2017-10-01	ENCODE				1	1_1							/files/ENCFF184XKI/,_/files/ENCFF390DNP/	2226264	ENCODE_Processing_Pipeline	d063f456a24a1a507d417b245ccab9f9		https://www.encodeproject.org/files/ENCFF229RBJ/@@download/ENCFF229RBJ.bed.gz				released	s3://encode-public/2018/05/14/aab30df1-8edb-442a-a35f-0b4df9adfd12/ENCFF229RBJ.bed.gz	https://datasetencode.blob.core.windows.net/dataset/2018/05/14/aab30df1-8edb-442a-a35f-0b4df9adfd12/ENCFF229RBJ.bed.gz?sv=2019-10-10&si=prod&sr=c&sig=9qSQZo4ggrCNpybBExU8SypuUZV33igI11xw0P7rB3c%3D	ENCODE3_hg19	archived			extremely_low_spot_score
ENCFF872KOO	bigBed_narrowPeak	bigBed	narrowPeak	peaks	hg19	ENCSR163PKT	DNase-seq	/human-donors/ENCDO451RUA/	UBERON:0000945	stomach	tissue	Homo_sapiens											DNA						2017-10-01	ENCODE				1	1_1							/files/ENCFF184XKI/,_/files/ENCFF390DNP/	3303958	ENCODE_Processing_Pipeline	47221b0c36df3f13d00b2156369ed6f9		https://www.encodeproject.org/files/ENCFF872KOO/@@download/ENCFF872KOO.bigBed				released	s3://encode-public/2018/05/14/60f78531-81ef-4856-b7fc-e3585b549c75/ENCFF872KOO.bigBed	https://datasetencode.blob.core.windows.net/dataset/2018/05/14/60f78531-81ef-4856-b7fc-e3585b549c75/ENCFF872KOO.bigBed?sv=2019-10-10&si=prod&sr=c&sig=9qSQZo4ggrCNpybBExU8SypuUZV33igI11xw0P7rB3c%3D	ENCODE3_hg19	archived			extremely_low_spot_score
ENCFF706SGN	bigBed_broadPeak	bigBed	broadPeak	hotspots	hg19	ENCSR163PKT	DNase-seq	/human-donors/ENCDO451RUA/	UBERON:0000945	stomach	tissue	Homo_sapiens											DNA						2017-10-01	ENCODE				1	1_1							/files/ENCFF184XKI/,_/files/ENCFF390DNP/	4530933	ENCODE_Processing_Pipeline	850bd6f548fd887afb71097e7c0ea104		https://www.encodeproject.org/files/ENCFF706SGN/@@download/ENCFF706SGN.bigBed				released	s3://encode-public/2018/05/14/16e659c8-a5b4-48a1-8a90-cb84bac2bd19/ENCFF706SGN.bigBed	https://datasetencode.blob.core.windows.net/dataset/2018/05/14/16e659c8-a5b4-48a1-8a90-cb84bac2bd19/ENCFF706SGN.bigBed?sv=2019-10-10&si=prod&sr=c&sig=9qSQZo4ggrCNpybBExU8SypuUZV33igI11xw0P7rB3c%3D	ENCODE3_hg19	archived			extremely_low_spot_score
ENCFF428YEZ	fastq	fastq		reads		ENCSR163PKT	DNase-seq	/human-donors/ENCDO451RUA/	UBERON:0000945	stomach	tissue	Homo_sapiens											DNA						2017-10-01	ENCODE				1	1_1	36		paired-ended	1	/files/ENCFF381MWP/			590543039	John_Stamatoyannopoulos,_UW	71772799c8970ee1ab0e1e871feb91c7	SRA:SRR14305916	https://www.encodeproject.org/files/ENCFF428YEZ/@@download/ENCFF428YEZ.fastq.gz		Illumina_HiSeq_4000		released	s3://encode-public/2017/01/01/79106161-b6ff-4149-9c5d-9b77f485a262/ENCFF428YEZ.fastq.gz	https://datasetencode.blob.core.windows.net/dataset/2017/01/01/79106161-b6ff-4149-9c5d-9b77f485a262/ENCFF428YEZ.fastq.gz?sv=2019-10-10&si=prod&sr=c&sig=9qSQZo4ggrCNpybBExU8SypuUZV33igI11xw0P7rB3c%3D					extremely_low_spot_score
ENCFF203YUF	fastq	fastq		reads		ENCSR163PKT	DNase-seq	/human-donors/ENCDO451RUA/	UBERON:0000945	stomach	tissue	Homo_sapiens											DNA						2017-10-01	ENCODE				1	1_1	36		paired-ended	1	/files/ENCFF882XTE/			836242464	John_Stamatoyannopoulos,_UW	1702d6a57c9ae3b288a9e95c07af644a	SRA:SRR14305917	https://www.encodeproject.org/files/ENCFF203YUF/@@download/ENCFF203YUF.fastq.gz		Illumina_HiSeq_4000		released	s3://encode-public/2017/01/01/be8bb6c2-4b72-4a62-b77c-a30554b1e3a6/ENCFF203YUF.fastq.gz	https://datasetencode.blob.core.windows.net/dataset/2017/01/01/be8bb6c2-4b72-4a62-b77c-a30554b1e3a6/ENCFF203YUF.fastq.gz?sv=2019-10-10&si=prod&sr=c&sig=9qSQZo4ggrCNpybBExU8SypuUZV33igI11xw0P7rB3c%3D					extremely_low_spot_score
ENCFF719TBP	fastq	fastq		reads		ENCSR163PKT	DNase-seq	/human-donors/ENCDO451RUA/	UBERON:0000945	stomach	tissue	Homo_sapiens											DNA						2017-10-01	ENCODE				1	1_1	36		paired-ended	1	/files/ENCFF863RWY/			2276439779	John_Stamatoyannopoulos,_UW	1013d2abd1083033f6c1d9e8ee34b5ea	SRA:SRR14305918	https://www.encodeproject.org/files/ENCFF719TBP/@@download/ENCFF719TBP.fastq.gz		Illumina_HiSeq_4000		released	s3://encode-public/2017/01/01/d69b83e7-8402-48fb-9ea3-f0dab3d7a9c1/ENCFF719TBP.fastq.gz	https://datasetencode.blob.core.windows.net/dataset/2017/01/01/d69b83e7-8402-48fb-9ea3-f0dab3d7a9c1/ENCFF719TBP.fastq.gz?sv=2019-10-10&si=prod&sr=c&sig=9qSQZo4ggrCNpybBExU8SypuUZV33igI11xw0P7rB3c%3D					extremely_low_spot_score
ENCFF381MWP	fastq	fastq		reads		ENCSR163PKT	DNase-seq	/human-donors/ENCDO451RUA/	UBERON:0000945	stomach	tissue	Homo_sapiens											DNA						2017-10-01	ENCODE				1	1_1	36		paired-ended	2	/files/ENCFF428YEZ/			628260581	John_Stamatoyannopoulos,_UW	c294d28efeefa0ed45e2834117f914c8	SRA:SRR14305916	https://www.encodeproject.org/files/ENCFF381MWP/@@download/ENCFF381MWP.fastq.gz		Illumina_HiSeq_4000		released	s3://encode-public/2017/01/01/41d13005-6cd7-4a9b-a7b7-1d19c2e94f69/ENCFF381MWP.fastq.gz	https://datasetencode.blob.core.windows.net/dataset/2017/01/01/41d13005-6cd7-4a9b-a7b7-1d19c2e94f69/ENCFF381MWP.fastq.gz?sv=2019-10-10&si=prod&sr=c&sig=9qSQZo4ggrCNpybBExU8SypuUZV33igI11xw0P7rB3c%3D					extremely_low_spot_score
ENCFF882XTE	fastq	fastq		reads		ENCSR163PKT	DNase-seq	/human-donors/ENCDO451RUA/	UBERON:0000945	stomach	tissue	Homo_sapiens											DNA						2017-10-01	ENCODE				1	1_1	36		paired-ended	2	/files/ENCFF203YUF/			891750522	John_Stamatoyannopoulos,_UW	2c913f8d4a3891dfdc6810d668604744	SRA:SRR14305917	https://www.encodeproject.org/files/ENCFF882XTE/@@download/ENCFF882XTE.fastq.gz		Illumina_HiSeq_4000		released	s3://encode-public/2017/01/01/018f4680-a3c6-4571-9c71-209b39c2ea49/ENCFF882XTE.fastq.gz	https://datasetencode.blob.core.windows.net/dataset/2017/01/01/018f4680-a3c6-4571-9c71-209b39c2ea49/ENCFF882XTE.fastq.gz?sv=2019-10-10&si=prod&sr=c&sig=9qSQZo4ggrCNpybBExU8SypuUZV33igI11xw0P7rB3c%3D					extremely_low_spot_score
ENCFF863RWY	fastq	fastq		reads		ENCSR163PKT	DNase-seq	/human-donors/ENCDO451RUA/	UBERON:0000945	stomach	tissue	Homo_sapiens											DNA						2017-10-01	ENCODE				1	1_1	36		paired-ended	2	/files/ENCFF719TBP/			2155365464	John_Stamatoyannopoulos,_UW	72fb9cec07264166354df2ea5a3f34e3	SRA:SRR14305918	https://www.encodeproject.org/files/ENCFF863RWY/@@download/ENCFF863RWY.fastq.gz		Illumina_HiSeq_4000		released	s3://encode-public/2017/01/01/ec651808-10a8-425d-a4e2-64700ed900bd/ENCFF863RWY.fastq.gz	https://datasetencode.blob.core.windows.net/dataset/2017/01/01/ec651808-10a8-425d-a4e2-64700ed900bd/ENCFF863RWY.fastq.gz?sv=2019-10-10&si=prod&sr=c&sig=9qSQZo4ggrCNpybBExU8SypuUZV33igI11xw0P7rB3c%3D					extremely_low_spot_score
ENCFF620MUD	bam	bam		alignments	GRCh38	ENCSR163PKT	DNase-seq	/human-donors/ENCDO451RUA/	UBERON:0000945	stomach	tissue	Homo_sapiens											DNA						2017-10-01	ENCODE				1	1_1		36					/files/ENCFF146HMG/,_/files/ENCFF762MJQ/	8958057587	ENCODE_Processing_Pipeline	f04cf473d26187281b4710a0d484ee08		https://www.encodeproject.org/files/ENCFF620MUD/@@download/ENCFF620MUD.bam				released	s3://encode-public/2020/10/23/204536a3-5c62-49a5-81d4-57ba99e91174/ENCFF620MUD.bam	https://datasetencode.blob.core.windows.net/dataset/2020/10/23/204536a3-5c62-49a5-81d4-57ba99e91174/ENCFF620MUD.bam?sv=2019-10-10&si=prod&sr=c&sig=9qSQZo4ggrCNpybBExU8SypuUZV33igI11xw0P7rB3c%3D	ENCODE4_v3.0.0-alpha.2_GRCh38	released			extremely_low_spot_score
ENCFF470ODC	bed_bed3+	bed	bed3+	footprints	GRCh38	ENCSR163PKT	DNase-seq	/human-donors/ENCDO451RUA/	UBERON:0000945	stomach	tissue	Homo_sapiens											DNA						2017-10-01	ENCODE				1	1_1							/files/ENCFF499QKB/,_/files/ENCFF119KWQ/,_/files/ENCFF620MUD/,_/files/ENCFF524POM/	1818577	ENCODE_Processing_Pipeline	5e00d473f4ce5b4f4f01f1980ab2440b		https://www.encodeproject.org/files/ENCFF470ODC/@@download/ENCFF470ODC.bed.gz				released	s3://encode-public/2020/10/23/bfd339e7-b568-4acc-abde-55df19455b4a/ENCFF470ODC.bed.gz	https://datasetencode.blob.core.windows.net/dataset/2020/10/23/bfd339e7-b568-4acc-abde-55df19455b4a/ENCFF470ODC.bed.gz?sv=2019-10-10&si=prod&sr=c&sig=9qSQZo4ggrCNpybBExU8SypuUZV33igI11xw0P7rB3c%3D	ENCODE4_v3.0.0-alpha.2_GRCh38	released			extremely_low_spot_score
ENCFF030IXL	bam	bam		alignments	GRCh38	ENCSR163PKT	DNase-seq	/human-donors/ENCDO451RUA/	UBERON:0000945	stomach	tissue	Homo_sapiens											DNA						2017-10-01	ENCODE				1	1_1		36					/files/ENCFF842BWI/	9022260274	ENCODE_Processing_Pipeline	51d97e599f1ff14ae8549f57c9d3d3b1		https://www.encodeproject.org/files/ENCFF030IXL/@@download/ENCFF030IXL.bam				released	s3://encode-public/2017/09/11/b3c862de-468c-4b1e-9f8e-09e6e0b98743/ENCFF030IXL.bam	https://datasetencode.blob.core.windows.net/dataset/2017/09/11/b3c862de-468c-4b1e-9f8e-09e6e0b98743/ENCFF030IXL.bam?sv=2019-10-10&si=prod&sr=c&sig=9qSQZo4ggrCNpybBExU8SypuUZV33igI11xw0P7rB3c%3D	ENCODE3_GRCh38	archived			extremely_low_spot_score
ENCFF842BWI	bam	bam		unfiltered_alignments	GRCh38	ENCSR163PKT	DNase-seq	/human-donors/ENCDO451RUA/	UBERON:0000945	stomach	tissue	Homo_sapiens											DNA						2017-10-01	ENCODE				1	1_1		36					/files/ENCFF496RSW/,_/files/ENCFF863RWY/,_/files/ENCFF882XTE/,_/files/ENCFF381MWP/,_/files/ENCFF719TBP/,_/files/ENCFF203YUF/,_/files/ENCFF428YEZ/	10704808782	ENCODE_Processing_Pipeline	96118326ee26eee4ac71b45cb0b9e4f3		https://www.encodeproject.org/files/ENCFF842BWI/@@download/ENCFF842BWI.bam				released	s3://encode-public/2017/09/11/9fa7b110-3ce6-42ac-a520-b989588a1d45/ENCFF842BWI.bam	https://datasetencode.blob.core.windows.net/dataset/2017/09/11/9fa7b110-3ce6-42ac-a520-b989588a1d45/ENCFF842BWI.bam?sv=2019-10-10&si=prod&sr=c&sig=9qSQZo4ggrCNpybBExU8SypuUZV33igI11xw0P7rB3c%3D	ENCODE3_GRCh38	archived			extremely_low_spot_score
ENCFF133VQH	bed_broadPeak	bed	broadPeak	hotspots	GRCh38	ENCSR163PKT	DNase-seq	/human-donors/ENCDO451RUA/	UBERON:0000945	stomach	tissue	Homo_sapiens											DNA						2017-10-01	ENCODE				1	1_1							/files/ENCFF030IXL/,_/files/ENCFF967OQF/	2811956	ENCODE_Processing_Pipeline	d5f8cdb69f6bf5f55a68f33896b0e0a9		https://www.encodeproject.org/files/ENCFF133VQH/@@download/ENCFF133VQH.bed.gz				archived	s3://encode-public/2017/09/11/6a794a8f-df5e-4332-8945-55da15abb84b/ENCFF133VQH.bed.gz	https://datasetencode.blob.core.windows.net/dataset/2017/09/11/6a794a8f-df5e-4332-8945-55da15abb84b/ENCFF133VQH.bed.gz?sv=2019-10-10&si=prod&sr=c&sig=9qSQZo4ggrCNpybBExU8SypuUZV33igI11xw0P7rB3c%3D	ENCODE3_GRCh38	archived			extremely_low_spot_score
ENCFF055FBZ	bigBed_narrowPeak	bigBed	narrowPeak	peaks	GRCh38	ENCSR163PKT	DNase-seq	/human-donors/ENCDO451RUA/	UBERON:0000945	stomach	tissue	Homo_sapiens											DNA						2017-10-01	ENCODE				1	1_1							/files/ENCFF030IXL/,_/files/ENCFF967OQF/	3343516	ENCODE_Processing_Pipeline	aba3d9483624b123b42ab2e1416b22ea		https://www.encodeproject.org/files/ENCFF055FBZ/@@download/ENCFF055FBZ.bigBed				archived	s3://encode-public/2017/09/11/d30e71ee-92a7-4555-9113-d24146541d3d/ENCFF055FBZ.bigBed	https://datasetencode.blob.core.windows.net/dataset/2017/09/11/d30e71ee-92a7-4555-9113-d24146541d3d/ENCFF055FBZ.bigBed?sv=2019-10-10&si=prod&sr=c&sig=9qSQZo4ggrCNpybBExU8SypuUZV33igI11xw0P7rB3c%3D	ENCODE3_GRCh38	archived			extremely_low_spot_score
ENCFF767MRW	bigBed_broadPeak	bigBed	broadPeak	hotspots	GRCh38	ENCSR163PKT	DNase-seq	/human-donors/ENCDO451RUA/	UBERON:0000945	stomach	tissue	Homo_sapiens											DNA						2017-10-01	ENCODE				1	1_1							/files/ENCFF030IXL/,_/files/ENCFF967OQF/	4569196	ENCODE_Processing_Pipeline	f33f3cda6239bf6b9939911f2e9e4ff4		https://www.encodeproject.org/files/ENCFF767MRW/@@download/ENCFF767MRW.bigBed				archived	s3://encode-public/2017/09/11/776d47a4-d9e5-4ea4-ae4e-70e268cb702c/ENCFF767MRW.bigBed	https://datasetencode.blob.core.windows.net/dataset/2017/09/11/776d47a4-d9e5-4ea4-ae4e-70e268cb702c/ENCFF767MRW.bigBed?sv=2019-10-10&si=prod&sr=c&sig=9qSQZo4ggrCNpybBExU8SypuUZV33igI11xw0P7rB3c%3D	ENCODE3_GRCh38	archived			extremely_low_spot_score
ENCFF288HWP	bigWig	bigWig		read-depth_normalized_signal	GRCh38	ENCSR163PKT	DNase-seq	/human-donors/ENCDO451RUA/	UBERON:0000945	stomach	tissue	Homo_sapiens											DNA						2017-10-01	ENCODE				1	1_1							/files/ENCFF030IXL/	769086937	ENCODE_Processing_Pipeline	811fc567b9a799f8b6ee9f5ff37c4b42		https://www.encodeproject.org/files/ENCFF288HWP/@@download/ENCFF288HWP.bigWig				released	s3://encode-public/2017/09/11/37cc21ea-91d8-474e-b222-e3b466a80620/ENCFF288HWP.bigWig	https://datasetencode.blob.core.windows.net/dataset/2017/09/11/37cc21ea-91d8-474e-b222-e3b466a80620/ENCFF288HWP.bigWig?sv=2019-10-10&si=prod&sr=c&sig=9qSQZo4ggrCNpybBExU8SypuUZV33igI11xw0P7rB3c%3D	ENCODE3_GRCh38	archived			extremely_low_spot_score
ENCFF621XOE	bed_narrowPeak	bed	narrowPeak	peaks	GRCh38	ENCSR163PKT	DNase-seq	/human-donors/ENCDO451RUA/	UBERON:0000945	stomach	tissue	Homo_sapiens											DNA						2017-10-01	ENCODE				1	1_1							/files/ENCFF030IXL/,_/files/ENCFF967OQF/	2238346	ENCODE_Processing_Pipeline	347d5afa3f672ccda3d9a77c4e1a4e72		https://www.encodeproject.org/files/ENCFF621XOE/@@download/ENCFF621XOE.bed.gz				archived	s3://encode-public/2017/09/11/4d3c07d2-5d8c-41b1-b789-2974cf1d47a0/ENCFF621XOE.bed.gz	https://datasetencode.blob.core.windows.net/dataset/2017/09/11/4d3c07d2-5d8c-41b1-b789-2974cf1d47a0/ENCFF621XOE.bed.gz?sv=2019-10-10&si=prod&sr=c&sig=9qSQZo4ggrCNpybBExU8SypuUZV33igI11xw0P7rB3c%3D	ENCODE3_GRCh38	archived			extremely_low_spot_score
ENCFF737LRX	bam	bam		unfiltered_alignments	hg19	ENCSR163PKT	DNase-seq	/human-donors/ENCDO451RUA/	UBERON:0000945	stomach	tissue	Homo_sapiens											DNA						2017-10-01	ENCODE				1	1_1		36					/files/ENCFF549HLL/,_/files/ENCFF863RWY/,_/files/ENCFF882XTE/,_/files/ENCFF381MWP/,_/files/ENCFF719TBP/,_/files/ENCFF203YUF/,_/files/ENCFF428YEZ/	10652998333	ENCODE_Processing_Pipeline	0ef7a41a556bab7cc95c854b695638c5		https://www.encodeproject.org/files/ENCFF737LRX/@@download/ENCFF737LRX.bam				released	s3://encode-public/2017/09/18/7e2d7820-55c2-4164-81f5-b3fdefa24bff/ENCFF737LRX.bam	https://datasetencode.blob.core.windows.net/dataset/2017/09/18/7e2d7820-55c2-4164-81f5-b3fdefa24bff/ENCFF737LRX.bam?sv=2019-10-10&si=prod&sr=c&sig=9qSQZo4ggrCNpybBExU8SypuUZV33igI11xw0P7rB3c%3D	ENCODE3_hg19	archived			extremely_low_spot_score
ENCFF184XKI	bam	bam		alignments	hg19	ENCSR163PKT	DNase-seq	/human-donors/ENCDO451RUA/	UBERON:0000945	stomach	tissue	Homo_sapiens											DNA						2017-10-01	ENCODE				1	1_1		20					/files/ENCFF737LRX/	9047933735	ENCODE_Processing_Pipeline	fff434469aff2dd0c7ed353f2f6e8150		https://www.encodeproject.org/files/ENCFF184XKI/@@download/ENCFF184XKI.bam				released	s3://encode-public/2017/09/18/ab5d1aca-d850-40ef-9d60-03575d9c6bb9/ENCFF184XKI.bam	https://datasetencode.blob.core.windows.net/dataset/2017/09/18/ab5d1aca-d850-40ef-9d60-03575d9c6bb9/ENCFF184XKI.bam?sv=2019-10-10&si=prod&sr=c&sig=9qSQZo4ggrCNpybBExU8SypuUZV33igI11xw0P7rB3c%3D	ENCODE3_hg19	archived			extremely_low_spot_score
ENCFF637BPM	bed_narrowPeak	bed	narrowPeak	peaks	hg19	ENCSR163PKT	DNase-seq	/human-donors/ENCDO451RUA/	UBERON:0000945	stomach	tissue	Homo_sapiens											DNA						2017-10-01	ENCODE				1	1_1							/files/ENCFF184XKI/,_/files/ENCFF390DNP/	2225285	ENCODE_Processing_Pipeline	6c5e0d2017097cbd493af00dea62320f		https://www.encodeproject.org/files/ENCFF637BPM/@@download/ENCFF637BPM.bed.gz				archived	s3://encode-public/2017/09/18/53a672cf-60fa-4304-b074-c3cedb3b1ff4/ENCFF637BPM.bed.gz	https://datasetencode.blob.core.windows.net/dataset/2017/09/18/53a672cf-60fa-4304-b074-c3cedb3b1ff4/ENCFF637BPM.bed.gz?sv=2019-10-10&si=prod&sr=c&sig=9qSQZo4ggrCNpybBExU8SypuUZV33igI11xw0P7rB3c%3D	ENCODE3_hg19	archived			extremely_low_spot_score
ENCFF052HMG	bigWig	bigWig		read-depth_normalized_signal	hg19	ENCSR163PKT	DNase-seq	/human-donors/ENCDO451RUA/	UBERON:0000945	stomach	tissue	Homo_sapiens											DNA						2017-10-01	ENCODE				1	1_1							/files/ENCFF184XKI/	767608050	ENCODE_Processing_Pipeline	4eb354a63d0009ef04296d6c20912c19		https://www.encodeproject.org/files/ENCFF052HMG/@@download/ENCFF052HMG.bigWig				released	s3://encode-public/2017/09/18/69913236-8259-4114-9453-a70f7f329294/ENCFF052HMG.bigWig	https://datasetencode.blob.core.windows.net/dataset/2017/09/18/69913236-8259-4114-9453-a70f7f329294/ENCFF052HMG.bigWig?sv=2019-10-10&si=prod&sr=c&sig=9qSQZo4ggrCNpybBExU8SypuUZV33igI11xw0P7rB3c%3D	ENCODE3_hg19	archived			extremely_low_spot_score
ENCFF489WIR	bigBed_narrowPeak	bigBed	narrowPeak	peaks	hg19	ENCSR163PKT	DNase-seq	/human-donors/ENCDO451RUA/	UBERON:0000945	stomach	tissue	Homo_sapiens											DNA						2017-10-01	ENCODE				1	1_1							/files/ENCFF184XKI/,_/files/ENCFF390DNP/	3302327	ENCODE_Processing_Pipeline	1ef6c1bec8e40770ea738f8470d6309c		https://www.encodeproject.org/files/ENCFF489WIR/@@download/ENCFF489WIR.bigBed				archived	s3://encode-public/2017/09/18/000d80a8-24ae-427d-b6a3-da8705827c41/ENCFF489WIR.bigBed	https://datasetencode.blob.core.windows.net/dataset/2017/09/18/000d80a8-24ae-427d-b6a3-da8705827c41/ENCFF489WIR.bigBed?sv=2019-10-10&si=prod&sr=c&sig=9qSQZo4ggrCNpybBExU8SypuUZV33igI11xw0P7rB3c%3D	ENCODE3_hg19	archived			extremely_low_spot_score
ENCFF750RAU	bigBed_broadPeak	bigBed	broadPeak	hotspots	hg19	ENCSR163PKT	DNase-seq	/human-donors/ENCDO451RUA/	UBERON:0000945	stomach	tissue	Homo_sapiens											DNA						2017-10-01	ENCODE				1	1_1							/files/ENCFF184XKI/,_/files/ENCFF390DNP/	4521749	ENCODE_Processing_Pipeline	622e0925b8409fd421872e76c18a1e5b		https://www.encodeproject.org/files/ENCFF750RAU/@@download/ENCFF750RAU.bigBed				archived	s3://encode-public/2017/09/18/4fcb5813-0817-46d6-a677-b7b704ec10ed/ENCFF750RAU.bigBed	https://datasetencode.blob.core.windows.net/dataset/2017/09/18/4fcb5813-0817-46d6-a677-b7b704ec10ed/ENCFF750RAU.bigBed?sv=2019-10-10&si=prod&sr=c&sig=9qSQZo4ggrCNpybBExU8SypuUZV33igI11xw0P7rB3c%3D	ENCODE3_hg19	archived			extremely_low_spot_score
ENCFF772FKA	bed_broadPeak	bed	broadPeak	hotspots	hg19	ENCSR163PKT	DNase-seq	/human-donors/ENCDO451RUA/	UBERON:0000945	stomach	tissue	Homo_sapiens											DNA						2017-10-01	ENCODE				1	1_1							/files/ENCFF184XKI/,_/files/ENCFF390DNP/	2797424	ENCODE_Processing_Pipeline	aca21ec97735b97d866b048cb23c5d26		https://www.encodeproject.org/files/ENCFF772FKA/@@download/ENCFF772FKA.bed.gz				archived	s3://encode-public/2017/09/18/08d9a695-b6bb-4f6c-a8b4-5f02dc396f3b/ENCFF772FKA.bed.gz	https://datasetencode.blob.core.windows.net/dataset/2017/09/18/08d9a695-b6bb-4f6c-a8b4-5f02dc396f3b/ENCFF772FKA.bed.gz?sv=2019-10-10&si=prod&sr=c&sig=9qSQZo4ggrCNpybBExU8SypuUZV33igI11xw0P7rB3c%3D	ENCODE3_hg19	archived			extremely_low_spot_score
ENCFF524POM	bed_bed3+	bed	bed3+	FDR_cut_rate	GRCh38	ENCSR163PKT	DNase-seq	/human-donors/ENCDO451RUA/	UBERON:0000945	stomach	tissue	Homo_sapiens											DNA						2017-10-01	ENCODE				1	1_1							/files/ENCFF620MUD/,_/files/ENCFF180EJG/	311108713	ENCODE_Processing_Pipeline	6055ce427b85cf46e51c2ab9c006d760		https://www.encodeproject.org/files/ENCFF524POM/@@download/ENCFF524POM.bed.gz				released	s3://encode-public/2020/10/23/23805260-48e5-4e7d-b921-2f32a522f62d/ENCFF524POM.bed.gz	https://datasetencode.blob.core.windows.net/dataset/2020/10/23/23805260-48e5-4e7d-b921-2f32a522f62d/ENCFF524POM.bed.gz?sv=2019-10-10&si=prod&sr=c&sig=9qSQZo4ggrCNpybBExU8SypuUZV33igI11xw0P7rB3c%3D	ENCODE4_v3.0.0-alpha.2_GRCh38	released			extremely_low_spot_score
ENCFF146HMG	bam	bam		unfiltered_alignments	GRCh38	ENCSR163PKT	DNase-seq	/human-donors/ENCDO451RUA/	UBERON:0000945	stomach	tissue	Homo_sapiens											DNA						2017-10-01	ENCODE				1	1_1		36					/files/ENCFF863RWY/,_/files/ENCFF203YUF/,_/files/ENCFF719TBP/,_/files/ENCFF882XTE/,_/files/ENCFF884HOA/,_/files/ENCFF428YEZ/,_/files/ENCFF381MWP/	14554656106	ENCODE_Processing_Pipeline	d8e03b038d43f9f831a2ee61fd611810		https://www.encodeproject.org/files/ENCFF146HMG/@@download/ENCFF146HMG.bam				released	s3://encode-public/2020/10/23/dfb35cd4-948d-4db1-a648-429a19aeb24e/ENCFF146HMG.bam	https://datasetencode.blob.core.windows.net/dataset/2020/10/23/dfb35cd4-948d-4db1-a648-429a19aeb24e/ENCFF146HMG.bam?sv=2019-10-10&si=prod&sr=c&sig=9qSQZo4ggrCNpybBExU8SypuUZV33igI11xw0P7rB3c%3D	ENCODE4_v3.0.0-alpha.2_GRCh38	released			extremely_low_spot_score
ENCFF235VPI	bed_narrowPeak	bed	narrowPeak	peaks	GRCh38	ENCSR163PKT	DNase-seq	/human-donors/ENCDO451RUA/	UBERON:0000945	stomach	tissue	Homo_sapiens											DNA						2017-10-01	ENCODE				1	1_1							/files/ENCFF620MUD/,_/files/ENCFF180EJG/	2244015	ENCODE_Processing_Pipeline	fd150bf7aaf83575e65f9a2fb00b0ca6		https://www.encodeproject.org/files/ENCFF235VPI/@@download/ENCFF235VPI.bed.gz				released	s3://encode-public/2020/10/23/96427cbe-08d1-4175-83b6-34ba928fbd4c/ENCFF235VPI.bed.gz	https://datasetencode.blob.core.windows.net/dataset/2020/10/23/96427cbe-08d1-4175-83b6-34ba928fbd4c/ENCFF235VPI.bed.gz?sv=2019-10-10&si=prod&sr=c&sig=9qSQZo4ggrCNpybBExU8SypuUZV33igI11xw0P7rB3c%3D	ENCODE4_v3.0.0-alpha.2_GRCh38	released			extremely_low_spot_score
ENCFF288CWD	bigBed_narrowPeak	bigBed	narrowPeak	peaks	GRCh38	ENCSR163PKT	DNase-seq	/human-donors/ENCDO451RUA/	UBERON:0000945	stomach	tissue	Homo_sapiens											DNA						2017-10-01	ENCODE				1	1_1							/files/ENCFF235VPI/	3608967	ENCODE_Processing_Pipeline	5b77baa065640b9c0cc7761ff8f760ef		https://www.encodeproject.org/files/ENCFF288CWD/@@download/ENCFF288CWD.bigBed				released	s3://encode-public/2020/10/23/f5ada55c-fc52-4b3b-9af8-8109848bfdbc/ENCFF288CWD.bigBed	https://datasetencode.blob.core.windows.net/dataset/2020/10/23/f5ada55c-fc52-4b3b-9af8-8109848bfdbc/ENCFF288CWD.bigBed?sv=2019-10-10&si=prod&sr=c&sig=9qSQZo4ggrCNpybBExU8SypuUZV33igI11xw0P7rB3c%3D	ENCODE4_v3.0.0-alpha.2_GRCh38	released			extremely_low_spot_score
ENCFF164EEU	bigWig	bigWig		read-depth_normalized_signal	GRCh38	ENCSR163PKT	DNase-seq	/human-donors/ENCDO451RUA/	UBERON:0000945	stomach	tissue	Homo_sapiens											DNA						2017-10-01	ENCODE				1	1_1							/files/ENCFF620MUD/,_/files/ENCFF180EJG/	733439246	ENCODE_Processing_Pipeline	4a79226954b13f2f42c14a13548e4f33		https://www.encodeproject.org/files/ENCFF164EEU/@@download/ENCFF164EEU.bigWig				released	s3://encode-public/2020/10/23/3530ad22-05e1-420f-bd84-beed7178cc52/ENCFF164EEU.bigWig	https://datasetencode.blob.core.windows.net/dataset/2020/10/23/3530ad22-05e1-420f-bd84-beed7178cc52/ENCFF164EEU.bigWig?sv=2019-10-10&si=prod&sr=c&sig=9qSQZo4ggrCNpybBExU8SypuUZV33igI11xw0P7rB3c%3D	ENCODE4_v3.0.0-alpha.2_GRCh38	released			extremely_low_spot_score
ENCFF004QZJ	bigBed_bed3+	bigBed	bed3+	FDR_cut_rate	GRCh38	ENCSR163PKT	DNase-seq	/human-donors/ENCDO451RUA/	UBERON:0000945	stomach	tissue	Homo_sapiens											DNA						2017-10-01	ENCODE				1	1_1							/files/ENCFF524POM/	281209372	ENCODE_Processing_Pipeline	4ddf6b6158ff9101c969a4f1a0e4e88b		https://www.encodeproject.org/files/ENCFF004QZJ/@@download/ENCFF004QZJ.bigBed				released	s3://encode-public/2020/10/23/04ea28b0-0d73-44fd-be26-c2f3422424df/ENCFF004QZJ.bigBed	https://datasetencode.blob.core.windows.net/dataset/2020/10/23/04ea28b0-0d73-44fd-be26-c2f3422424df/ENCFF004QZJ.bigBed?sv=2019-10-10&si=prod&sr=c&sig=9qSQZo4ggrCNpybBExU8SypuUZV33igI11xw0P7rB3c%3D	ENCODE4_v3.0.0-alpha.2_GRCh38	released			extremely_low_spot_score
ENCFF039RZH	bigBed_bed3+	bigBed	bed3+	footprints	GRCh38	ENCSR163PKT	DNase-seq	/human-donors/ENCDO451RUA/	UBERON:0000945	stomach	tissue	Homo_sapiens											DNA						2017-10-01	ENCODE				1	1_1							/files/ENCFF470ODC/	2597366	ENCODE_Processing_Pipeline	a42b4e6fd11452c3cab46c1c660b7d34		https://www.encodeproject.org/files/ENCFF039RZH/@@download/ENCFF039RZH.bigBed				released	s3://encode-public/2020/10/23/9d5833bb-3808-41df-987f-f8af910699d8/ENCFF039RZH.bigBed	https://datasetencode.blob.core.windows.net/dataset/2020/10/23/9d5833bb-3808-41df-987f-f8af910699d8/ENCFF039RZH.bigBed?sv=2019-10-10&si=prod&sr=c&sig=9qSQZo4ggrCNpybBExU8SypuUZV33igI11xw0P7rB3c%3D	ENCODE4_v3.0.0-alpha.2_GRCh38	released			extremely_low_spot_score
ENCFF889SAK	bed_narrowPeak	bed	narrowPeak	peaks	GRCh38	ENCSR163PKT	DNase-seq	/human-donors/ENCDO451RUA/	UBERON:0000945	stomach	tissue	Homo_sapiens											DNA						2017-10-01	ENCODE				1	1_1							/files/ENCFF620MUD/,_/files/ENCFF180EJG/	1519987	ENCODE_Processing_Pipeline	7aed905db310e68437a6117e57f1aaf6		https://www.encodeproject.org/files/ENCFF889SAK/@@download/ENCFF889SAK.bed.gz				released	s3://encode-public/2020/10/23/f3b6209a-75f3-4301-a4e8-80340de93d89/ENCFF889SAK.bed.gz	https://datasetencode.blob.core.windows.net/dataset/2020/10/23/f3b6209a-75f3-4301-a4e8-80340de93d89/ENCFF889SAK.bed.gz?sv=2019-10-10&si=prod&sr=c&sig=9qSQZo4ggrCNpybBExU8SypuUZV33igI11xw0P7rB3c%3D	ENCODE4_v3.0.0-alpha.2_GRCh38	released			extremely_low_spot_score
ENCFF664JAX	bigBed_narrowPeak	bigBed	narrowPeak	peaks	GRCh38	ENCSR163PKT	DNase-seq	/human-donors/ENCDO451RUA/	UBERON:0000945	stomach	tissue	Homo_sapiens											DNA						2017-10-01	ENCODE				1	1_1							/files/ENCFF889SAK/	2523404	ENCODE_Processing_Pipeline	2dcfe44a47bdca06511469b24a757d60		https://www.encodeproject.org/files/ENCFF664JAX/@@download/ENCFF664JAX.bigBed				released	s3://encode-public/2020/10/23/463123cc-a92e-42b9-a7ed-e51ba0ad22f6/ENCFF664JAX.bigBed	https://datasetencode.blob.core.windows.net/dataset/2020/10/23/463123cc-a92e-42b9-a7ed-e51ba0ad22f6/ENCFF664JAX.bigBed?sv=2019-10-10&si=prod&sr=c&sig=9qSQZo4ggrCNpybBExU8SypuUZV33igI11xw0P7rB3c%3D	ENCODE4_v3.0.0-alpha.2_GRCh38	released			extremely_low_spot_score
ENCFF600VQT	starch	starch		peaks	GRCh38	ENCSR163PKT	DNase-seq	/human-donors/ENCDO451RUA/	UBERON:0000945	stomach	tissue	Homo_sapiens											DNA						2017-10-01	ENCODE				1	1_1							/files/ENCFF180EJG/,_/files/ENCFF620MUD/	1703855	ENCODE_Processing_Pipeline	96b6ac1f62ed218fa155c7de4dcc440e		https://www.encodeproject.org/files/ENCFF600VQT/@@download/ENCFF600VQT.starch				released	s3://encode-public/2020/11/07/1a3f2f62-5deb-432e-94dc-19c13e4cb79f/ENCFF600VQT.starch	https://datasetencode.blob.core.windows.net/dataset/2020/11/07/1a3f2f62-5deb-432e-94dc-19c13e4cb79f/ENCFF600VQT.starch?sv=2019-10-10&si=prod&sr=c&sig=9qSQZo4ggrCNpybBExU8SypuUZV33igI11xw0P7rB3c%3D	ENCODE4_v3.0.0-alpha.2_GRCh38	released			extremely_low_spot_score
ENCFF057LCL	bigBed_broadPeak	bigBed	broadPeak	hotspots	GRCh38	ENCSR391YAV	DNase-seq	/human-donors/ENCDO451RUA/	UBERON:0001159	sigmoid_colon	tissue	Homo_sapiens											DNA						2017-11-01	ENCODE				1	1_1							/files/ENCFF332SHA/,_/files/ENCFF967OQF/	5057392	ENCODE_Processing_Pipeline	1c796355a5f61438b28aa0f5bd1d69d5		https://www.encodeproject.org/files/ENCFF057LCL/@@download/ENCFF057LCL.bigBed				released	s3://encode-public/2018/05/04/e42f2c87-2404-4cc6-a0e6-2ff220571889/ENCFF057LCL.bigBed	https://datasetencode.blob.core.windows.net/dataset/2018/05/04/e42f2c87-2404-4cc6-a0e6-2ff220571889/ENCFF057LCL.bigBed?sv=2019-10-10&si=prod&sr=c&sig=9qSQZo4ggrCNpybBExU8SypuUZV33igI11xw0P7rB3c%3D	ENCODE3_GRCh38	archived			extremely_low_spot_score
ENCFF480ZBK	bed_bed3+	bed	bed3+	FDR_cut_rate	GRCh38	ENCSR391YAV	DNase-seq	/human-donors/ENCDO451RUA/	UBERON:0001159	sigmoid_colon	tissue	Homo_sapiens											DNA						2017-11-01	ENCODE				1	1_1							/files/ENCFF332SHA/,_/files/ENCFF967OQF/	339830014	ENCODE_Processing_Pipeline	350c6664fb9b400ac373f8fae25eea37		https://www.encodeproject.org/files/ENCFF480ZBK/@@download/ENCFF480ZBK.bed.gz				released	s3://encode-public/2018/05/04/8ad40867-1eab-4315-9edd-a8c0f7f3aa73/ENCFF480ZBK.bed.gz	https://datasetencode.blob.core.windows.net/dataset/2018/05/04/8ad40867-1eab-4315-9edd-a8c0f7f3aa73/ENCFF480ZBK.bed.gz?sv=2019-10-10&si=prod&sr=c&sig=9qSQZo4ggrCNpybBExU8SypuUZV33igI11xw0P7rB3c%3D	ENCODE3_GRCh38	archived			extremely_low_spot_score
ENCFF366OMI	bed_broadPeak	bed	broadPeak	hotspots	GRCh38	ENCSR391YAV	DNase-seq	/human-donors/ENCDO451RUA/	UBERON:0001159	sigmoid_colon	tissue	Homo_sapiens											DNA						2017-11-01	ENCODE				1	1_1							/files/ENCFF332SHA/,_/files/ENCFF967OQF/	3428644	ENCODE_Processing_Pipeline	7e6d11a3e64f15b3b86f32ce896da74f		https://www.encodeproject.org/files/ENCFF366OMI/@@download/ENCFF366OMI.bed.gz				released	s3://encode-public/2018/05/04/0fc2ec84-8a89-4f54-bc0d-662ee1bd03d3/ENCFF366OMI.bed.gz	https://datasetencode.blob.core.windows.net/dataset/2018/05/04/0fc2ec84-8a89-4f54-bc0d-662ee1bd03d3/ENCFF366OMI.bed.gz?sv=2019-10-10&si=prod&sr=c&sig=9qSQZo4ggrCNpybBExU8SypuUZV33igI11xw0P7rB3c%3D	ENCODE3_GRCh38	archived			extremely_low_spot_score
ENCFF469JHU	bed_narrowPeak	bed	narrowPeak	peaks	GRCh38	ENCSR391YAV	DNase-seq	/human-donors/ENCDO451RUA/	UBERON:0001159	sigmoid_colon	tissue	Homo_sapiens											DNA						2017-11-01	ENCODE				1	1_1							/files/ENCFF332SHA/,_/files/ENCFF967OQF/	2789983	ENCODE_Processing_Pipeline	343645627cc2d7f823cd6e5b5d5d9053		https://www.encodeproject.org/files/ENCFF469JHU/@@download/ENCFF469JHU.bed.gz				released	s3://encode-public/2018/05/04/956388ca-996b-4e42-9f9b-bf103618dcd3/ENCFF469JHU.bed.gz	https://datasetencode.blob.core.windows.net/dataset/2018/05/04/956388ca-996b-4e42-9f9b-bf103618dcd3/ENCFF469JHU.bed.gz?sv=2019-10-10&si=prod&sr=c&sig=9qSQZo4ggrCNpybBExU8SypuUZV33igI11xw0P7rB3c%3D	ENCODE3_GRCh38	archived			extremely_low_spot_score
ENCFF996LJV	bigBed_narrowPeak	bigBed	narrowPeak	peaks	GRCh38	ENCSR391YAV	DNase-seq	/human-donors/ENCDO451RUA/	UBERON:0001159	sigmoid_colon	tissue	Homo_sapiens											DNA						2017-11-01	ENCODE				1	1_1							/files/ENCFF332SHA/,_/files/ENCFF967OQF/	3881057	ENCODE_Processing_Pipeline	e6955fdfbfe9231e1acff150e3666f71		https://www.encodeproject.org/files/ENCFF996LJV/@@download/ENCFF996LJV.bigBed				released	s3://encode-public/2018/05/04/1940ecd5-8109-42e1-b128-86ca0555902a/ENCFF996LJV.bigBed	https://datasetencode.blob.core.windows.net/dataset/2018/05/04/1940ecd5-8109-42e1-b128-86ca0555902a/ENCFF996LJV.bigBed?sv=2019-10-10&si=prod&sr=c&sig=9qSQZo4ggrCNpybBExU8SypuUZV33igI11xw0P7rB3c%3D	ENCODE3_GRCh38	archived			extremely_low_spot_score
ENCFF480MFV	bed_bed3+	bed	bed3+	FDR_cut_rate	hg19	ENCSR391YAV	DNase-seq	/human-donors/ENCDO451RUA/	UBERON:0001159	sigmoid_colon	tissue	Homo_sapiens											DNA						2017-11-01	ENCODE				1	1_1							/files/ENCFF754DCA/,_/files/ENCFF390DNP/	339925535	ENCODE_Processing_Pipeline	32608288fde207bd1c21430e2a72d8aa		https://www.encodeproject.org/files/ENCFF480MFV/@@download/ENCFF480MFV.bed.gz				released	s3://encode-public/2018/05/14/e0403e57-458e-4c2a-b827-55a3bd71209a/ENCFF480MFV.bed.gz	https://datasetencode.blob.core.windows.net/dataset/2018/05/14/e0403e57-458e-4c2a-b827-55a3bd71209a/ENCFF480MFV.bed.gz?sv=2019-10-10&si=prod&sr=c&sig=9qSQZo4ggrCNpybBExU8SypuUZV33igI11xw0P7rB3c%3D	ENCODE3_hg19	archived			extremely_low_spot_score
ENCFF509LRT	bed_broadPeak	bed	broadPeak	hotspots	hg19	ENCSR391YAV	DNase-seq	/human-donors/ENCDO451RUA/	UBERON:0001159	sigmoid_colon	tissue	Homo_sapiens											DNA						2017-11-01	ENCODE				1	1_1							/files/ENCFF754DCA/,_/files/ENCFF390DNP/	3417233	ENCODE_Processing_Pipeline	40350db493454be7f2a9931408bc3025		https://www.encodeproject.org/files/ENCFF509LRT/@@download/ENCFF509LRT.bed.gz				released	s3://encode-public/2018/05/14/ac0f82d4-63bc-4354-a542-94a22350de95/ENCFF509LRT.bed.gz	https://datasetencode.blob.core.windows.net/dataset/2018/05/14/ac0f82d4-63bc-4354-a542-94a22350de95/ENCFF509LRT.bed.gz?sv=2019-10-10&si=prod&sr=c&sig=9qSQZo4ggrCNpybBExU8SypuUZV33igI11xw0P7rB3c%3D	ENCODE3_hg19	archived			extremely_low_spot_score
ENCFF862GVN	bed_narrowPeak	bed	narrowPeak	peaks	hg19	ENCSR391YAV	DNase-seq	/human-donors/ENCDO451RUA/	UBERON:0001159	sigmoid_colon	tissue	Homo_sapiens											DNA						2017-11-01	ENCODE				1	1_1							/files/ENCFF754DCA/,_/files/ENCFF390DNP/	2782800	ENCODE_Processing_Pipeline	3cce279bf54b316d2e6ba3fda4f880d5		https://www.encodeproject.org/files/ENCFF862GVN/@@download/ENCFF862GVN.bed.gz				released	s3://encode-public/2018/05/14/c0acc779-a316-4054-bca1-d30adb8e8b72/ENCFF862GVN.bed.gz	https://datasetencode.blob.core.windows.net/dataset/2018/05/14/c0acc779-a316-4054-bca1-d30adb8e8b72/ENCFF862GVN.bed.gz?sv=2019-10-10&si=prod&sr=c&sig=9qSQZo4ggrCNpybBExU8SypuUZV33igI11xw0P7rB3c%3D	ENCODE3_hg19	archived			extremely_low_spot_score
ENCFF132VPT	bigBed_narrowPeak	bigBed	narrowPeak	peaks	hg19	ENCSR391YAV	DNase-seq	/human-donors/ENCDO451RUA/	UBERON:0001159	sigmoid_colon	tissue	Homo_sapiens											DNA						2017-11-01	ENCODE				1	1_1							/files/ENCFF754DCA/,_/files/ENCFF390DNP/	3864358	ENCODE_Processing_Pipeline	8a807d08d5007a4d17e090c9eaf3a4e3		https://www.encodeproject.org/files/ENCFF132VPT/@@download/ENCFF132VPT.bigBed				released	s3://encode-public/2018/05/14/5acde96c-bccf-4a3f-9c94-6c71792aa6e7/ENCFF132VPT.bigBed	https://datasetencode.blob.core.windows.net/dataset/2018/05/14/5acde96c-bccf-4a3f-9c94-6c71792aa6e7/ENCFF132VPT.bigBed?sv=2019-10-10&si=prod&sr=c&sig=9qSQZo4ggrCNpybBExU8SypuUZV33igI11xw0P7rB3c%3D	ENCODE3_hg19	archived			extremely_low_spot_score
ENCFF520YZD	bigBed_broadPeak	bigBed	broadPeak	hotspots	hg19	ENCSR391YAV	DNase-seq	/human-donors/ENCDO451RUA/	UBERON:0001159	sigmoid_colon	tissue	Homo_sapiens											DNA						2017-11-01	ENCODE				1	1_1							/files/ENCFF754DCA/,_/files/ENCFF390DNP/	5030727	ENCODE_Processing_Pipeline	f0cf0ad2d1b396fae0091ddd7e1e0cde		https://www.encodeproject.org/files/ENCFF520YZD/@@download/ENCFF520YZD.bigBed				released	s3://encode-public/2018/05/14/d2486945-c8ca-4ded-b62f-a0a4e19583ae/ENCFF520YZD.bigBed	https://datasetencode.blob.core.windows.net/dataset/2018/05/14/d2486945-c8ca-4ded-b62f-a0a4e19583ae/ENCFF520YZD.bigBed?sv=2019-10-10&si=prod&sr=c&sig=9qSQZo4ggrCNpybBExU8SypuUZV33igI11xw0P7rB3c%3D	ENCODE3_hg19	archived			extremely_low_spot_score
ENCFF380IZN	fastq	fastq		reads		ENCSR391YAV	DNase-seq	/human-donors/ENCDO451RUA/	UBERON:0001159	sigmoid_colon	tissue	Homo_sapiens											DNA						2017-11-01	ENCODE				1	1_1	36		paired-ended	1	/files/ENCFF610BDZ/			765375879	John_Stamatoyannopoulos,_UW	2023b85eaae43d35a08e09438ff67aa3	SRA:SRR14305978	https://www.encodeproject.org/files/ENCFF380IZN/@@download/ENCFF380IZN.fastq.gz		Illumina_HiSeq_4000		released	s3://encode-public/2017/01/01/a0cf4459-94cc-4733-9f88-745e2fc4bbb0/ENCFF380IZN.fastq.gz	https://datasetencode.blob.core.windows.net/dataset/2017/01/01/a0cf4459-94cc-4733-9f88-745e2fc4bbb0/ENCFF380IZN.fastq.gz?sv=2019-10-10&si=prod&sr=c&sig=9qSQZo4ggrCNpybBExU8SypuUZV33igI11xw0P7rB3c%3D					extremely_low_spot_score
ENCFF459VFQ	fastq	fastq		reads		ENCSR391YAV	DNase-seq	/human-donors/ENCDO451RUA/	UBERON:0001159	sigmoid_colon	tissue	Homo_sapiens											DNA						2017-11-01	ENCODE				1	1_1	36		paired-ended	1	/files/ENCFF056MPO/			774634271	John_Stamatoyannopoulos,_UW	05317fa5041de5dde5498e502f34bb07	SRA:SRR14305979	https://www.encodeproject.org/files/ENCFF459VFQ/@@download/ENCFF459VFQ.fastq.gz		Illumina_HiSeq_4000		released	s3://encode-public/2017/01/01/a90bf0f7-fe17-4a22-a1fc-00cbbd14091f/ENCFF459VFQ.fastq.gz	https://datasetencode.blob.core.windows.net/dataset/2017/01/01/a90bf0f7-fe17-4a22-a1fc-00cbbd14091f/ENCFF459VFQ.fastq.gz?sv=2019-10-10&si=prod&sr=c&sig=9qSQZo4ggrCNpybBExU8SypuUZV33igI11xw0P7rB3c%3D					extremely_low_spot_score
ENCFF523XNG	fastq	fastq		reads		ENCSR391YAV	DNase-seq	/human-donors/ENCDO451RUA/	UBERON:0001159	sigmoid_colon	tissue	Homo_sapiens											DNA						2017-11-01	ENCODE				1	1_1	36		paired-ended	1	/files/ENCFF791RMH/			2214495153	John_Stamatoyannopoulos,_UW	9179642e109306085d74f7e5163b58fb	SRA:SRR14305980	https://www.encodeproject.org/files/ENCFF523XNG/@@download/ENCFF523XNG.fastq.gz		Illumina_HiSeq_4000		released	s3://encode-public/2017/01/01/a3e91d3c-9053-4d34-9ef2-1b9f3246ac8e/ENCFF523XNG.fastq.gz	https://datasetencode.blob.core.windows.net/dataset/2017/01/01/a3e91d3c-9053-4d34-9ef2-1b9f3246ac8e/ENCFF523XNG.fastq.gz?sv=2019-10-10&si=prod&sr=c&sig=9qSQZo4ggrCNpybBExU8SypuUZV33igI11xw0P7rB3c%3D					extremely_low_spot_score
ENCFF610BDZ	fastq	fastq		reads		ENCSR391YAV	DNase-seq	/human-donors/ENCDO451RUA/	UBERON:0001159	sigmoid_colon	tissue	Homo_sapiens											DNA						2017-11-01	ENCODE				1	1_1	36		paired-ended	2	/files/ENCFF380IZN/			842598360	John_Stamatoyannopoulos,_UW	85ca4e31084e41330ff82c9a2d9358b0	SRA:SRR14305978	https://www.encodeproject.org/files/ENCFF610BDZ/@@download/ENCFF610BDZ.fastq.gz		Illumina_HiSeq_4000		released	s3://encode-public/2017/01/01/45d0ae37-acd5-4d2f-8a3a-c49c202a3270/ENCFF610BDZ.fastq.gz	https://datasetencode.blob.core.windows.net/dataset/2017/01/01/45d0ae37-acd5-4d2f-8a3a-c49c202a3270/ENCFF610BDZ.fastq.gz?sv=2019-10-10&si=prod&sr=c&sig=9qSQZo4ggrCNpybBExU8SypuUZV33igI11xw0P7rB3c%3D					extremely_low_spot_score
ENCFF056MPO	fastq	fastq		reads		ENCSR391YAV	DNase-seq	/human-donors/ENCDO451RUA/	UBERON:0001159	sigmoid_colon	tissue	Homo_sapiens											DNA						2017-11-01	ENCODE				1	1_1	36		paired-ended	2	/files/ENCFF459VFQ/			837035634	John_Stamatoyannopoulos,_UW	aa8107cccbdc79e5a592b4df7046b5cc	SRA:SRR14305979	https://www.encodeproject.org/files/ENCFF056MPO/@@download/ENCFF056MPO.fastq.gz		Illumina_HiSeq_4000		released	s3://encode-public/2017/01/01/30954b14-e484-48fb-8720-d272c4d4974e/ENCFF056MPO.fastq.gz	https://datasetencode.blob.core.windows.net/dataset/2017/01/01/30954b14-e484-48fb-8720-d272c4d4974e/ENCFF056MPO.fastq.gz?sv=2019-10-10&si=prod&sr=c&sig=9qSQZo4ggrCNpybBExU8SypuUZV33igI11xw0P7rB3c%3D					extremely_low_spot_score
ENCFF791RMH	fastq	fastq		reads		ENCSR391YAV	DNase-seq	/human-donors/ENCDO451RUA/	UBERON:0001159	sigmoid_colon	tissue	Homo_sapiens											DNA						2017-11-01	ENCODE				1	1_1	36		paired-ended	2	/files/ENCFF523XNG/			2226875586	John_Stamatoyannopoulos,_UW	f2cb9dbd95f91641c53d01376159706b	SRA:SRR14305980	https://www.encodeproject.org/files/ENCFF791RMH/@@download/ENCFF791RMH.fastq.gz		Illumina_HiSeq_4000		released	s3://encode-public/2017/01/01/9a1c9472-595b-4103-9e01-95035188f6e5/ENCFF791RMH.fastq.gz	https://datasetencode.blob.core.windows.net/dataset/2017/01/01/9a1c9472-595b-4103-9e01-95035188f6e5/ENCFF791RMH.fastq.gz?sv=2019-10-10&si=prod&sr=c&sig=9qSQZo4ggrCNpybBExU8SypuUZV33igI11xw0P7rB3c%3D					extremely_low_spot_score
ENCFF819JGJ	bam	bam		unfiltered_alignments	GRCh38	ENCSR391YAV	DNase-seq	/human-donors/ENCDO451RUA/	UBERON:0001159	sigmoid_colon	tissue	Homo_sapiens											DNA						2017-11-01	ENCODE				1	1_1		36					/files/ENCFF523XNG/,_/files/ENCFF610BDZ/,_/files/ENCFF884HOA/,_/files/ENCFF459VFQ/,_/files/ENCFF380IZN/,_/files/ENCFF056MPO/,_/files/ENCFF791RMH/	14983087488	ENCODE_Processing_Pipeline	674b3577debef2203a6220c0b6508159		https://www.encodeproject.org/files/ENCFF819JGJ/@@download/ENCFF819JGJ.bam				released	s3://encode-public/2020/10/23/d63312a7-d407-4b80-b214-0327c4663549/ENCFF819JGJ.bam	https://datasetencode.blob.core.windows.net/dataset/2020/10/23/d63312a7-d407-4b80-b214-0327c4663549/ENCFF819JGJ.bam?sv=2019-10-10&si=prod&sr=c&sig=9qSQZo4ggrCNpybBExU8SypuUZV33igI11xw0P7rB3c%3D	ENCODE4_v3.0.0-alpha.2_GRCh38	released			extremely_low_spot_score
ENCFF084NNT	bed_narrowPeak	bed	narrowPeak	peaks	GRCh38	ENCSR391YAV	DNase-seq	/human-donors/ENCDO451RUA/	UBERON:0001159	sigmoid_colon	tissue	Homo_sapiens											DNA						2017-11-01	ENCODE				1	1_1							/files/ENCFF180EJG/,_/files/ENCFF166AYV/	1961754	ENCODE_Processing_Pipeline	3cbac4eb031ba2b2ab586bba1eb5f5d9		https://www.encodeproject.org/files/ENCFF084NNT/@@download/ENCFF084NNT.bed.gz				released	s3://encode-public/2020/10/23/4b1c1d7c-3813-4294-8e1b-4d4e3fa3f5f8/ENCFF084NNT.bed.gz	https://datasetencode.blob.core.windows.net/dataset/2020/10/23/4b1c1d7c-3813-4294-8e1b-4d4e3fa3f5f8/ENCFF084NNT.bed.gz?sv=2019-10-10&si=prod&sr=c&sig=9qSQZo4ggrCNpybBExU8SypuUZV33igI11xw0P7rB3c%3D	ENCODE4_v3.0.0-alpha.2_GRCh38	released			extremely_low_spot_score
ENCFF332SHA	bam	bam		alignments	GRCh38	ENCSR391YAV	DNase-seq	/human-donors/ENCDO451RUA/	UBERON:0001159	sigmoid_colon	tissue	Homo_sapiens											DNA						2017-11-01	ENCODE				1	1_1		36					/files/ENCFF353DKV/	9021947192	ENCODE_Processing_Pipeline	1e27ac69e4b84332ab4b4c2037516ffe		https://www.encodeproject.org/files/ENCFF332SHA/@@download/ENCFF332SHA.bam				released	s3://encode-public/2017/09/11/d4acb676-7866-4c7f-be09-3ece23c6d827/ENCFF332SHA.bam	https://datasetencode.blob.core.windows.net/dataset/2017/09/11/d4acb676-7866-4c7f-be09-3ece23c6d827/ENCFF332SHA.bam?sv=2019-10-10&si=prod&sr=c&sig=9qSQZo4ggrCNpybBExU8SypuUZV33igI11xw0P7rB3c%3D	ENCODE3_GRCh38	archived			extremely_low_spot_score
ENCFF353DKV	bam	bam		unfiltered_alignments	GRCh38	ENCSR391YAV	DNase-seq	/human-donors/ENCDO451RUA/	UBERON:0001159	sigmoid_colon	tissue	Homo_sapiens											DNA						2017-11-01	ENCODE				1	1_1		36					/files/ENCFF496RSW/,_/files/ENCFF791RMH/,_/files/ENCFF056MPO/,_/files/ENCFF610BDZ/,_/files/ENCFF523XNG/,_/files/ENCFF459VFQ/,_/files/ENCFF380IZN/	10706369935	ENCODE_Processing_Pipeline	a645a549707292982f19c37ccf50b831		https://www.encodeproject.org/files/ENCFF353DKV/@@download/ENCFF353DKV.bam				released	s3://encode-public/2017/09/11/51e7d472-de51-4db7-85d6-1aa91334eb63/ENCFF353DKV.bam	https://datasetencode.blob.core.windows.net/dataset/2017/09/11/51e7d472-de51-4db7-85d6-1aa91334eb63/ENCFF353DKV.bam?sv=2019-10-10&si=prod&sr=c&sig=9qSQZo4ggrCNpybBExU8SypuUZV33igI11xw0P7rB3c%3D	ENCODE3_GRCh38	archived			extremely_low_spot_score
ENCFF588HXP	bed_broadPeak	bed	broadPeak	hotspots	GRCh38	ENCSR391YAV	DNase-seq	/human-donors/ENCDO451RUA/	UBERON:0001159	sigmoid_colon	tissue	Homo_sapiens											DNA						2017-11-01	ENCODE				1	1_1							/files/ENCFF332SHA/,_/files/ENCFF967OQF/	3439034	ENCODE_Processing_Pipeline	4c4c9b29caee26d1587007fcd9372c5e		https://www.encodeproject.org/files/ENCFF588HXP/@@download/ENCFF588HXP.bed.gz				archived	s3://encode-public/2017/09/11/ab3471e8-6fe9-4add-b01a-a225f8ee327c/ENCFF588HXP.bed.gz	https://datasetencode.blob.core.windows.net/dataset/2017/09/11/ab3471e8-6fe9-4add-b01a-a225f8ee327c/ENCFF588HXP.bed.gz?sv=2019-10-10&si=prod&sr=c&sig=9qSQZo4ggrCNpybBExU8SypuUZV33igI11xw0P7rB3c%3D	ENCODE3_GRCh38	archived			extremely_low_spot_score
ENCFF226AUV	bed_narrowPeak	bed	narrowPeak	peaks	GRCh38	ENCSR391YAV	DNase-seq	/human-donors/ENCDO451RUA/	UBERON:0001159	sigmoid_colon	tissue	Homo_sapiens											DNA						2017-11-01	ENCODE				1	1_1							/files/ENCFF332SHA/,_/files/ENCFF967OQF/	2801966	ENCODE_Processing_Pipeline	23f09be0f6841f539cd8c1bab4c322c3		https://www.encodeproject.org/files/ENCFF226AUV/@@download/ENCFF226AUV.bed.gz				archived	s3://encode-public/2017/09/11/63c0ee14-ff61-4278-8c5d-c72a830f8ff6/ENCFF226AUV.bed.gz	https://datasetencode.blob.core.windows.net/dataset/2017/09/11/63c0ee14-ff61-4278-8c5d-c72a830f8ff6/ENCFF226AUV.bed.gz?sv=2019-10-10&si=prod&sr=c&sig=9qSQZo4ggrCNpybBExU8SypuUZV33igI11xw0P7rB3c%3D	ENCODE3_GRCh38	archived			extremely_low_spot_score
ENCFF230ERK	bigBed_broadPeak	bigBed	broadPeak	hotspots	GRCh38	ENCSR391YAV	DNase-seq	/human-donors/ENCDO451RUA/	UBERON:0001159	sigmoid_colon	tissue	Homo_sapiens											DNA						2017-11-01	ENCODE				1	1_1							/files/ENCFF332SHA/,_/files/ENCFF967OQF/	5094724	ENCODE_Processing_Pipeline	6a678f5d1f4ee5ea134514868094a697		https://www.encodeproject.org/files/ENCFF230ERK/@@download/ENCFF230ERK.bigBed				archived	s3://encode-public/2017/09/11/93bde74e-7b8d-4ecc-b9cf-e22e22f9e7c3/ENCFF230ERK.bigBed	https://datasetencode.blob.core.windows.net/dataset/2017/09/11/93bde74e-7b8d-4ecc-b9cf-e22e22f9e7c3/ENCFF230ERK.bigBed?sv=2019-10-10&si=prod&sr=c&sig=9qSQZo4ggrCNpybBExU8SypuUZV33igI11xw0P7rB3c%3D	ENCODE3_GRCh38	archived			extremely_low_spot_score
ENCFF281DLF	bigBed_narrowPeak	bigBed	narrowPeak	peaks	GRCh38	ENCSR391YAV	DNase-seq	/human-donors/ENCDO451RUA/	UBERON:0001159	sigmoid_colon	tissue	Homo_sapiens											DNA						2017-11-01	ENCODE				1	1_1							/files/ENCFF332SHA/,_/files/ENCFF967OQF/	3907136	ENCODE_Processing_Pipeline	b3ac03054d2c93677123ef5b7563517f		https://www.encodeproject.org/files/ENCFF281DLF/@@download/ENCFF281DLF.bigBed				archived	s3://encode-public/2017/09/11/3c6b7235-6856-43ea-86c2-fb586dc5e8f9/ENCFF281DLF.bigBed	https://datasetencode.blob.core.windows.net/dataset/2017/09/11/3c6b7235-6856-43ea-86c2-fb586dc5e8f9/ENCFF281DLF.bigBed?sv=2019-10-10&si=prod&sr=c&sig=9qSQZo4ggrCNpybBExU8SypuUZV33igI11xw0P7rB3c%3D	ENCODE3_GRCh38	archived			extremely_low_spot_score
ENCFF017NBX	bigWig	bigWig		read-depth_normalized_signal	GRCh38	ENCSR391YAV	DNase-seq	/human-donors/ENCDO451RUA/	UBERON:0001159	sigmoid_colon	tissue	Homo_sapiens											DNA						2017-11-01	ENCODE				1	1_1							/files/ENCFF332SHA/	769393882	ENCODE_Processing_Pipeline	d94d2129d5ed6e7f048a700ac334f473		https://www.encodeproject.org/files/ENCFF017NBX/@@download/ENCFF017NBX.bigWig				released	s3://encode-public/2017/09/11/b00ea158-5116-4ab8-b61f-ad104bfe78a9/ENCFF017NBX.bigWig	https://datasetencode.blob.core.windows.net/dataset/2017/09/11/b00ea158-5116-4ab8-b61f-ad104bfe78a9/ENCFF017NBX.bigWig?sv=2019-10-10&si=prod&sr=c&sig=9qSQZo4ggrCNpybBExU8SypuUZV33igI11xw0P7rB3c%3D	ENCODE3_GRCh38	archived			extremely_low_spot_score
ENCFF750KIE	bam	bam		unfiltered_alignments	hg19	ENCSR391YAV	DNase-seq	/human-donors/ENCDO451RUA/	UBERON:0001159	sigmoid_colon	tissue	Homo_sapiens											DNA						2017-11-01	ENCODE				1	1_1		36					/files/ENCFF549HLL/,_/files/ENCFF791RMH/,_/files/ENCFF056MPO/,_/files/ENCFF610BDZ/,_/files/ENCFF523XNG/,_/files/ENCFF459VFQ/,_/files/ENCFF380IZN/	10662634576	ENCODE_Processing_Pipeline	09affa1c72dc9f407b3f8b02793d1a40		https://www.encodeproject.org/files/ENCFF750KIE/@@download/ENCFF750KIE.bam				released	s3://encode-public/2017/09/18/13f8d160-7aa1-48fd-8dde-687e6a907d18/ENCFF750KIE.bam	https://datasetencode.blob.core.windows.net/dataset/2017/09/18/13f8d160-7aa1-48fd-8dde-687e6a907d18/ENCFF750KIE.bam?sv=2019-10-10&si=prod&sr=c&sig=9qSQZo4ggrCNpybBExU8SypuUZV33igI11xw0P7rB3c%3D	ENCODE3_hg19	archived			extremely_low_spot_score
ENCFF754DCA	bam	bam		alignments	hg19	ENCSR391YAV	DNase-seq	/human-donors/ENCDO451RUA/	UBERON:0001159	sigmoid_colon	tissue	Homo_sapiens											DNA						2017-11-01	ENCODE				1	1_1		36					/files/ENCFF750KIE/	9045503138	ENCODE_Processing_Pipeline	60c4e0938caa63694964538e395f51bf		https://www.encodeproject.org/files/ENCFF754DCA/@@download/ENCFF754DCA.bam				released	s3://encode-public/2017/09/18/7919f986-2e4b-49c1-a7b7-b83df945f6e7/ENCFF754DCA.bam	https://datasetencode.blob.core.windows.net/dataset/2017/09/18/7919f986-2e4b-49c1-a7b7-b83df945f6e7/ENCFF754DCA.bam?sv=2019-10-10&si=prod&sr=c&sig=9qSQZo4ggrCNpybBExU8SypuUZV33igI11xw0P7rB3c%3D	ENCODE3_hg19	archived			extremely_low_spot_score
ENCFF731OGW	bigWig	bigWig		read-depth_normalized_signal	hg19	ENCSR391YAV	DNase-seq	/human-donors/ENCDO451RUA/	UBERON:0001159	sigmoid_colon	tissue	Homo_sapiens											DNA						2017-11-01	ENCODE				1	1_1							/files/ENCFF754DCA/	767116645	ENCODE_Processing_Pipeline	a0419b80a0d22a82c1741d5ffa976f8a		https://www.encodeproject.org/files/ENCFF731OGW/@@download/ENCFF731OGW.bigWig				released	s3://encode-public/2017/09/18/2ad704f9-4050-4465-b81e-82a8b36efe9e/ENCFF731OGW.bigWig	https://datasetencode.blob.core.windows.net/dataset/2017/09/18/2ad704f9-4050-4465-b81e-82a8b36efe9e/ENCFF731OGW.bigWig?sv=2019-10-10&si=prod&sr=c&sig=9qSQZo4ggrCNpybBExU8SypuUZV33igI11xw0P7rB3c%3D	ENCODE3_hg19	archived			extremely_low_spot_score
ENCFF503SKP	bed_broadPeak	bed	broadPeak	hotspots	hg19	ENCSR391YAV	DNase-seq	/human-donors/ENCDO451RUA/	UBERON:0001159	sigmoid_colon	tissue	Homo_sapiens											DNA						2017-11-01	ENCODE				1	1_1							/files/ENCFF754DCA/,_/files/ENCFF390DNP/	3415069	ENCODE_Processing_Pipeline	a93f5783e133fd843eabfc44f7402e20		https://www.encodeproject.org/files/ENCFF503SKP/@@download/ENCFF503SKP.bed.gz				archived	s3://encode-public/2017/09/18/607939d7-e34a-41aa-921a-8874cb1e23d8/ENCFF503SKP.bed.gz	https://datasetencode.blob.core.windows.net/dataset/2017/09/18/607939d7-e34a-41aa-921a-8874cb1e23d8/ENCFF503SKP.bed.gz?sv=2019-10-10&si=prod&sr=c&sig=9qSQZo4ggrCNpybBExU8SypuUZV33igI11xw0P7rB3c%3D	ENCODE3_hg19	archived			extremely_low_spot_score
ENCFF267WEB	bigBed_narrowPeak	bigBed	narrowPeak	peaks	hg19	ENCSR391YAV	DNase-seq	/human-donors/ENCDO451RUA/	UBERON:0001159	sigmoid_colon	tissue	Homo_sapiens											DNA						2017-11-01	ENCODE				1	1_1							/files/ENCFF754DCA/,_/files/ENCFF390DNP/	3862536	ENCODE_Processing_Pipeline	13acd44c3e1491e26f0ba84ea24fb91e		https://www.encodeproject.org/files/ENCFF267WEB/@@download/ENCFF267WEB.bigBed				archived	s3://encode-public/2017/09/18/90bec681-c3a1-4415-8bc1-368f09144883/ENCFF267WEB.bigBed	https://datasetencode.blob.core.windows.net/dataset/2017/09/18/90bec681-c3a1-4415-8bc1-368f09144883/ENCFF267WEB.bigBed?sv=2019-10-10&si=prod&sr=c&sig=9qSQZo4ggrCNpybBExU8SypuUZV33igI11xw0P7rB3c%3D	ENCODE3_hg19	archived			extremely_low_spot_score
ENCFF880FFB	bed_narrowPeak	bed	narrowPeak	peaks	hg19	ENCSR391YAV	DNase-seq	/human-donors/ENCDO451RUA/	UBERON:0001159	sigmoid_colon	tissue	Homo_sapiens											DNA						2017-11-01	ENCODE				1	1_1							/files/ENCFF754DCA/,_/files/ENCFF390DNP/	2781778	ENCODE_Processing_Pipeline	8f7968a860163489ac9a707fa0072dea		https://www.encodeproject.org/files/ENCFF880FFB/@@download/ENCFF880FFB.bed.gz				archived	s3://encode-public/2017/09/18/880b1f52-0d57-4ced-a499-aa0d52db42a2/ENCFF880FFB.bed.gz	https://datasetencode.blob.core.windows.net/dataset/2017/09/18/880b1f52-0d57-4ced-a499-aa0d52db42a2/ENCFF880FFB.bed.gz?sv=2019-10-10&si=prod&sr=c&sig=9qSQZo4ggrCNpybBExU8SypuUZV33igI11xw0P7rB3c%3D	ENCODE3_hg19	archived			extremely_low_spot_score
ENCFF764BIT	bigBed_broadPeak	bigBed	broadPeak	hotspots	hg19	ENCSR391YAV	DNase-seq	/human-donors/ENCDO451RUA/	UBERON:0001159	sigmoid_colon	tissue	Homo_sapiens											DNA						2017-11-01	ENCODE				1	1_1							/files/ENCFF754DCA/,_/files/ENCFF390DNP/	5028136	ENCODE_Processing_Pipeline	7cf5dc7d6b464cc5b4604ba1eac0b9ea		https://www.encodeproject.org/files/ENCFF764BIT/@@download/ENCFF764BIT.bigBed				archived	s3://encode-public/2017/09/18/d2278db8-f5ed-4047-904f-5d9a07d881b1/ENCFF764BIT.bigBed	https://datasetencode.blob.core.windows.net/dataset/2017/09/18/d2278db8-f5ed-4047-904f-5d9a07d881b1/ENCFF764BIT.bigBed?sv=2019-10-10&si=prod&sr=c&sig=9qSQZo4ggrCNpybBExU8SypuUZV33igI11xw0P7rB3c%3D	ENCODE3_hg19	archived			extremely_low_spot_score
ENCFF832JGB	bed_bed3+	bed	bed3+	footprints	GRCh38	ENCSR391YAV	DNase-seq	/human-donors/ENCDO451RUA/	UBERON:0001159	sigmoid_colon	tissue	Homo_sapiens											DNA						2017-11-01	ENCODE				1	1_1							/files/ENCFF119KWQ/,_/files/ENCFF281NMK/,_/files/ENCFF166AYV/,_/files/ENCFF499QKB/	1860726	ENCODE_Processing_Pipeline	5f487a7d9beb141263b5774e15635cee		https://www.encodeproject.org/files/ENCFF832JGB/@@download/ENCFF832JGB.bed.gz				released	s3://encode-public/2020/10/23/40809f88-02b2-47da-bbb2-63cad686339a/ENCFF832JGB.bed.gz	https://datasetencode.blob.core.windows.net/dataset/2020/10/23/40809f88-02b2-47da-bbb2-63cad686339a/ENCFF832JGB.bed.gz?sv=2019-10-10&si=prod&sr=c&sig=9qSQZo4ggrCNpybBExU8SypuUZV33igI11xw0P7rB3c%3D	ENCODE4_v3.0.0-alpha.2_GRCh38	released			extremely_low_spot_score
ENCFF028FLY	bigWig	bigWig		read-depth_normalized_signal	GRCh38	ENCSR391YAV	DNase-seq	/human-donors/ENCDO451RUA/	UBERON:0001159	sigmoid_colon	tissue	Homo_sapiens											DNA						2017-11-01	ENCODE				1	1_1							/files/ENCFF180EJG/,_/files/ENCFF166AYV/	731465594	ENCODE_Processing_Pipeline	d34c334f06a4c20eb17147d5c7998bbc		https://www.encodeproject.org/files/ENCFF028FLY/@@download/ENCFF028FLY.bigWig				released	s3://encode-public/2020/10/23/0db33731-320b-421f-9127-afde7266ebe7/ENCFF028FLY.bigWig	https://datasetencode.blob.core.windows.net/dataset/2020/10/23/0db33731-320b-421f-9127-afde7266ebe7/ENCFF028FLY.bigWig?sv=2019-10-10&si=prod&sr=c&sig=9qSQZo4ggrCNpybBExU8SypuUZV33igI11xw0P7rB3c%3D	ENCODE4_v3.0.0-alpha.2_GRCh38	released			extremely_low_spot_score
ENCFF281NMK	bed_bed3+	bed	bed3+	FDR_cut_rate	GRCh38	ENCSR391YAV	DNase-seq	/human-donors/ENCDO451RUA/	UBERON:0001159	sigmoid_colon	tissue	Homo_sapiens											DNA						2017-11-01	ENCODE				1	1_1							/files/ENCFF180EJG/,_/files/ENCFF166AYV/	339418859	ENCODE_Processing_Pipeline	0d7824c7e131f06db0772ba6c979e1ec		https://www.encodeproject.org/files/ENCFF281NMK/@@download/ENCFF281NMK.bed.gz				released	s3://encode-public/2020/10/23/a1acee42-dde2-4168-838f-97b2b2aa48d5/ENCFF281NMK.bed.gz	https://datasetencode.blob.core.windows.net/dataset/2020/10/23/a1acee42-dde2-4168-838f-97b2b2aa48d5/ENCFF281NMK.bed.gz?sv=2019-10-10&si=prod&sr=c&sig=9qSQZo4ggrCNpybBExU8SypuUZV33igI11xw0P7rB3c%3D	ENCODE4_v3.0.0-alpha.2_GRCh38	released			extremely_low_spot_score
ENCFF166AYV	bam	bam		alignments	GRCh38	ENCSR391YAV	DNase-seq	/human-donors/ENCDO451RUA/	UBERON:0001159	sigmoid_colon	tissue	Homo_sapiens											DNA						2017-11-01	ENCODE				1	1_1		36					/files/ENCFF762MJQ/,_/files/ENCFF819JGJ/	8966151190	ENCODE_Processing_Pipeline	bc0b3e5aa8dc46e3d17263506451f085		https://www.encodeproject.org/files/ENCFF166AYV/@@download/ENCFF166AYV.bam				released	s3://encode-public/2020/10/23/64db3455-eac6-47d9-9008-db8754143357/ENCFF166AYV.bam	https://datasetencode.blob.core.windows.net/dataset/2020/10/23/64db3455-eac6-47d9-9008-db8754143357/ENCFF166AYV.bam?sv=2019-10-10&si=prod&sr=c&sig=9qSQZo4ggrCNpybBExU8SypuUZV33igI11xw0P7rB3c%3D	ENCODE4_v3.0.0-alpha.2_GRCh38	released			extremely_low_spot_score
ENCFF444HXP	bigBed_narrowPeak	bigBed	narrowPeak	peaks	GRCh38	ENCSR391YAV	DNase-seq	/human-donors/ENCDO451RUA/	UBERON:0001159	sigmoid_colon	tissue	Homo_sapiens											DNA						2017-11-01	ENCODE				1	1_1							/files/ENCFF084NNT/	3741640	ENCODE_Processing_Pipeline	6716c74132e2ada48db66c9287573205		https://www.encodeproject.org/files/ENCFF444HXP/@@download/ENCFF444HXP.bigBed				released	s3://encode-public/2020/10/23/03eb7a96-a09f-40cc-bca8-ff843a6d7e3d/ENCFF444HXP.bigBed	https://datasetencode.blob.core.windows.net/dataset/2020/10/23/03eb7a96-a09f-40cc-bca8-ff843a6d7e3d/ENCFF444HXP.bigBed?sv=2019-10-10&si=prod&sr=c&sig=9qSQZo4ggrCNpybBExU8SypuUZV33igI11xw0P7rB3c%3D	ENCODE4_v3.0.0-alpha.2_GRCh38	released			extremely_low_spot_score
ENCFF762SVD	bigBed_bed3+	bigBed	bed3+	FDR_cut_rate	GRCh38	ENCSR391YAV	DNase-seq	/human-donors/ENCDO451RUA/	UBERON:0001159	sigmoid_colon	tissue	Homo_sapiens											DNA						2017-11-01	ENCODE				1	1_1							/files/ENCFF281NMK/	306421916	ENCODE_Processing_Pipeline	eb5d6e1defad36bf9999cfa9aeda45c9		https://www.encodeproject.org/files/ENCFF762SVD/@@download/ENCFF762SVD.bigBed				released	s3://encode-public/2020/10/23/28f5b816-9b95-4787-9d95-9f25e6bf4bc2/ENCFF762SVD.bigBed	https://datasetencode.blob.core.windows.net/dataset/2020/10/23/28f5b816-9b95-4787-9d95-9f25e6bf4bc2/ENCFF762SVD.bigBed?sv=2019-10-10&si=prod&sr=c&sig=9qSQZo4ggrCNpybBExU8SypuUZV33igI11xw0P7rB3c%3D	ENCODE4_v3.0.0-alpha.2_GRCh38	released			extremely_low_spot_score
ENCFF991ZCC	bigBed_bed3+	bigBed	bed3+	footprints	GRCh38	ENCSR391YAV	DNase-seq	/human-donors/ENCDO451RUA/	UBERON:0001159	sigmoid_colon	tissue	Homo_sapiens											DNA						2017-11-01	ENCODE				1	1_1							/files/ENCFF832JGB/	2585018	ENCODE_Processing_Pipeline	0480fc0d56b49a3135e17393a754102d		https://www.encodeproject.org/files/ENCFF991ZCC/@@download/ENCFF991ZCC.bigBed				released	s3://encode-public/2020/10/23/ff2a2774-9a9e-4872-95c2-e3506d934ffb/ENCFF991ZCC.bigBed	https://datasetencode.blob.core.windows.net/dataset/2020/10/23/ff2a2774-9a9e-4872-95c2-e3506d934ffb/ENCFF991ZCC.bigBed?sv=2019-10-10&si=prod&sr=c&sig=9qSQZo4ggrCNpybBExU8SypuUZV33igI11xw0P7rB3c%3D	ENCODE4_v3.0.0-alpha.2_GRCh38	released			extremely_low_spot_score
ENCFF480UNN	bed_narrowPeak	bed	narrowPeak	peaks	GRCh38	ENCSR391YAV	DNase-seq	/human-donors/ENCDO451RUA/	UBERON:0001159	sigmoid_colon	tissue	Homo_sapiens											DNA						2017-11-01	ENCODE				1	1_1							/files/ENCFF180EJG/,_/files/ENCFF166AYV/	2753020	ENCODE_Processing_Pipeline	f6ac66467fb0b11a428cf800bd670026		https://www.encodeproject.org/files/ENCFF480UNN/@@download/ENCFF480UNN.bed.gz				released	s3://encode-public/2020/10/23/72343434-9f15-4f9c-b13e-b0ef97477a14/ENCFF480UNN.bed.gz	https://datasetencode.blob.core.windows.net/dataset/2020/10/23/72343434-9f15-4f9c-b13e-b0ef97477a14/ENCFF480UNN.bed.gz?sv=2019-10-10&si=prod&sr=c&sig=9qSQZo4ggrCNpybBExU8SypuUZV33igI11xw0P7rB3c%3D	ENCODE4_v3.0.0-alpha.2_GRCh38	released			extremely_low_spot_score
ENCFF193ZZB	bigBed_narrowPeak	bigBed	narrowPeak	peaks	GRCh38	ENCSR391YAV	DNase-seq	/human-donors/ENCDO451RUA/	UBERON:0001159	sigmoid_colon	tissue	Homo_sapiens											DNA						2017-11-01	ENCODE				1	1_1							/files/ENCFF480UNN/	5246766	ENCODE_Processing_Pipeline	9faf301624eb2b6e85ed9796b03d0081		https://www.encodeproject.org/files/ENCFF193ZZB/@@download/ENCFF193ZZB.bigBed				released	s3://encode-public/2020/10/23/b237bbf2-4a85-4599-b9b9-b17c72793bc5/ENCFF193ZZB.bigBed	https://datasetencode.blob.core.windows.net/dataset/2020/10/23/b237bbf2-4a85-4599-b9b9-b17c72793bc5/ENCFF193ZZB.bigBed?sv=2019-10-10&si=prod&sr=c&sig=9qSQZo4ggrCNpybBExU8SypuUZV33igI11xw0P7rB3c%3D	ENCODE4_v3.0.0-alpha.2_GRCh38	released			extremely_low_spot_score
ENCFF374RXX	starch	starch		peaks	GRCh38	ENCSR391YAV	DNase-seq	/human-donors/ENCDO451RUA/	UBERON:0001159	sigmoid_colon	tissue	Homo_sapiens											DNA						2017-11-01	ENCODE				1	1_1							/files/ENCFF166AYV/,_/files/ENCFF180EJG/	2197536	ENCODE_Processing_Pipeline	8b2ffe8b1efec8568d0135992bf04150		https://www.encodeproject.org/files/ENCFF374RXX/@@download/ENCFF374RXX.starch				released	s3://encode-public/2020/11/07/99e15d67-fa86-4657-b8bd-d8a2453e3458/ENCFF374RXX.starch	https://datasetencode.blob.core.windows.net/dataset/2020/11/07/99e15d67-fa86-4657-b8bd-d8a2453e3458/ENCFF374RXX.starch?sv=2019-10-10&si=prod&sr=c&sig=9qSQZo4ggrCNpybBExU8SypuUZV33igI11xw0P7rB3c%3D	ENCODE4_v3.0.0-alpha.2_GRCh38	released			extremely_low_spot_score
ENCFF332SCG	fastq	fastq		reads		ENCSR086OGH	ATAC-seq	/human-donors/ENCDO451RUA/	UBERON:0001159	sigmoid_colon	tissue	Homo_sapiens											DNA						2016-06-15	ENCODE			150-250	1	1_1	100		paired-ended	2	/files/ENCFF591BAY/			4829455575	Michael_Snyder,_Stanford	46c728282f436846dda2e6fd06a05d0f	SRA:SRR14305482	https://www.encodeproject.org/files/ENCFF332SCG/@@download/ENCFF332SCG.fastq.gz		Illumina_HiSeq_4000		released	s3://encode-public/2016/04/26/9d9bcafc-8027-44b0-bc78-7d680e1af4fd/ENCFF332SCG.fastq.gz	https://datasetencode.blob.core.windows.net/dataset/2016/04/26/9d9bcafc-8027-44b0-bc78-7d680e1af4fd/ENCFF332SCG.fastq.gz?sv=2019-10-10&si=prod&sr=c&sig=9qSQZo4ggrCNpybBExU8SypuUZV33igI11xw0P7rB3c%3D			mild_to_moderate_bottlenecking,_moderate_library_complexity,_moderate_number_of_reproducible_peaks	low_FRiP_score	
ENCFF591BAY	fastq	fastq		reads		ENCSR086OGH	ATAC-seq	/human-donors/ENCDO451RUA/	UBERON:0001159	sigmoid_colon	tissue	Homo_sapiens											DNA						2016-06-15	ENCODE			150-250	1	1_1	100		paired-ended	1	/files/ENCFF332SCG/			4677656905	Michael_Snyder,_Stanford	615445218c4d845e93fea578a7230422	SRA:SRR14305482	https://www.encodeproject.org/files/ENCFF591BAY/@@download/ENCFF591BAY.fastq.gz		Illumina_HiSeq_4000		released	s3://encode-public/2016/04/26/ec15f652-2fde-4deb-b54d-6b4ce5e6a7db/ENCFF591BAY.fastq.gz	https://datasetencode.blob.core.windows.net/dataset/2016/04/26/ec15f652-2fde-4deb-b54d-6b4ce5e6a7db/ENCFF591BAY.fastq.gz?sv=2019-10-10&si=prod&sr=c&sig=9qSQZo4ggrCNpybBExU8SypuUZV33igI11xw0P7rB3c%3D			mild_to_moderate_bottlenecking,_moderate_library_complexity,_moderate_number_of_reproducible_peaks	low_FRiP_score	
ENCFF591QAG	bigWig	bigWig		signal_p-value	GRCh38	ENCSR086OGH	ATAC-seq	/human-donors/ENCDO451RUA/	UBERON:0001159	sigmoid_colon	tissue	Homo_sapiens											DNA						2016-06-15	ENCODE			150-250	1	1_1							/files/ENCFF778VJL/	1229149264	Anshul_Kundaje,_Stanford	4a83f2ec8ed07194aae16fb2125d50b3		https://www.encodeproject.org/files/ENCFF591QAG/@@download/ENCFF591QAG.bigWig				released	s3://encode-public/2016/12/22/a9441946-951f-41f9-a235-8222a5d73587/ENCFF591QAG.bigWig	https://datasetencode.blob.core.windows.net/dataset/2016/12/22/a9441946-951f-41f9-a235-8222a5d73587/ENCFF591QAG.bigWig?sv=2019-10-10&si=prod&sr=c&sig=9qSQZo4ggrCNpybBExU8SypuUZV33igI11xw0P7rB3c%3D	Lab_custom_GRCh38	archived	mild_to_moderate_bottlenecking,_moderate_library_complexity,_moderate_number_of_reproducible_peaks	low_FRiP_score	
ENCFF778VJL	bam	bam		alignments	GRCh38	ENCSR086OGH	ATAC-seq	/human-donors/ENCDO451RUA/	UBERON:0001159	sigmoid_colon	tissue	Homo_sapiens											DNA						2016-06-15	ENCODE			150-250	1	1_1		101					/files/ENCFF591BAY/,_/files/ENCFF332SCG/	6014216214	Anshul_Kundaje,_Stanford	4f04671a6fc6aaf7a1f52ce381e0bbc6		https://www.encodeproject.org/files/ENCFF778VJL/@@download/ENCFF778VJL.bam				released	s3://encode-public/2016/12/22/d18a1e9c-ef63-4d63-9a7c-cb8836d02f39/ENCFF778VJL.bam	https://datasetencode.blob.core.windows.net/dataset/2016/12/22/d18a1e9c-ef63-4d63-9a7c-cb8836d02f39/ENCFF778VJL.bam?sv=2019-10-10&si=prod&sr=c&sig=9qSQZo4ggrCNpybBExU8SypuUZV33igI11xw0P7rB3c%3D	Lab_custom_GRCh38	archived	mild_to_moderate_bottlenecking,_moderate_library_complexity,_moderate_number_of_reproducible_peaks	low_FRiP_score	
ENCFF997HHO	bigWig	bigWig		fold_change_over_control	GRCh38	ENCSR086OGH	ATAC-seq	/human-donors/ENCDO451RUA/	UBERON:0001159	sigmoid_colon	tissue	Homo_sapiens											DNA						2016-06-15	ENCODE			150-250	1	1_1							/files/ENCFF778VJL/	1396147459	Anshul_Kundaje,_Stanford	689b9a5828c53a594c75f6534a324a6c		https://www.encodeproject.org/files/ENCFF997HHO/@@download/ENCFF997HHO.bigWig				released	s3://encode-public/2016/12/22/2d0c959d-4abc-49e1-b7a8-739bddd97aad/ENCFF997HHO.bigWig	https://datasetencode.blob.core.windows.net/dataset/2016/12/22/2d0c959d-4abc-49e1-b7a8-739bddd97aad/ENCFF997HHO.bigWig?sv=2019-10-10&si=prod&sr=c&sig=9qSQZo4ggrCNpybBExU8SypuUZV33igI11xw0P7rB3c%3D	Lab_custom_GRCh38	archived	mild_to_moderate_bottlenecking,_moderate_library_complexity,_moderate_number_of_reproducible_peaks	low_FRiP_score	
ENCFF049WJI	bigWig	bigWig		fold_change_over_control	GRCh38	ENCSR086OGH	ATAC-seq	/human-donors/ENCDO451RUA/	UBERON:0001159	sigmoid_colon	tissue	Homo_sapiens											DNA						2016-06-15	ENCODE			150-250	1	1_1							/files/ENCFF182ZGK/	1442938137	ENCODE_Processing_Pipeline	c179a0d9c939eefc012267902905f65d		https://www.encodeproject.org/files/ENCFF049WJI/@@download/ENCFF049WJI.bigWig				released	s3://encode-public/2021/02/25/d4b6163d-f6c3-41ed-bf90-cd2270617924/ENCFF049WJI.bigWig	https://datasetencode.blob.core.windows.net/dataset/2021/02/25/d4b6163d-f6c3-41ed-bf90-cd2270617924/ENCFF049WJI.bigWig?sv=2019-10-10&si=prod&sr=c&sig=9qSQZo4ggrCNpybBExU8SypuUZV33igI11xw0P7rB3c%3D	ENCODE4_v1.9.1_GRCh38	released	mild_to_moderate_bottlenecking,_moderate_library_complexity,_moderate_number_of_reproducible_peaks	low_FRiP_score	
ENCFF189YSM	bed_idr_ranked_peak	bed	idr_ranked_peak	IDR_ranked_peaks	GRCh38	ENCSR086OGH	ATAC-seq	/human-donors/ENCDO451RUA/	UBERON:0001159	sigmoid_colon	tissue	Homo_sapiens											DNA						2016-06-15	ENCODE			150-250	1	1_1							/files/ENCFF182ZGK/	5824121	ENCODE_Processing_Pipeline	5e5b640fd3c54d6fc9504d103f1532b7		https://www.encodeproject.org/files/ENCFF189YSM/@@download/ENCFF189YSM.bed.gz				released	s3://encode-public/2021/02/25/575596e6-f176-432d-96ba-81fda37b7ec3/ENCFF189YSM.bed.gz	https://datasetencode.blob.core.windows.net/dataset/2021/02/25/575596e6-f176-432d-96ba-81fda37b7ec3/ENCFF189YSM.bed.gz?sv=2019-10-10&si=prod&sr=c&sig=9qSQZo4ggrCNpybBExU8SypuUZV33igI11xw0P7rB3c%3D	ENCODE4_v1.9.1_GRCh38	released	mild_to_moderate_bottlenecking,_moderate_library_complexity,_moderate_number_of_reproducible_peaks	low_FRiP_score	
ENCFF697MUB	bed_narrowPeak	bed	narrowPeak	IDR_thresholded_peaks	GRCh38	ENCSR086OGH	ATAC-seq	/human-donors/ENCDO451RUA/	UBERON:0001159	sigmoid_colon	tissue	Homo_sapiens											DNA						2016-06-15	ENCODE			150-250	1	1_1							/files/ENCFF356LFX/,_/files/ENCFF182ZGK/	1381456	ENCODE_Processing_Pipeline	685cfcb082f5f5b2f79b59b768af6f59		https://www.encodeproject.org/files/ENCFF697MUB/@@download/ENCFF697MUB.bed.gz				released	s3://encode-public/2021/02/25/e1e14e86-f3f6-4ff8-b189-092ffe36440f/ENCFF697MUB.bed.gz	https://datasetencode.blob.core.windows.net/dataset/2021/02/25/e1e14e86-f3f6-4ff8-b189-092ffe36440f/ENCFF697MUB.bed.gz?sv=2019-10-10&si=prod&sr=c&sig=9qSQZo4ggrCNpybBExU8SypuUZV33igI11xw0P7rB3c%3D	ENCODE4_v1.9.1_GRCh38	released	mild_to_moderate_bottlenecking,_moderate_library_complexity,_moderate_number_of_reproducible_peaks	low_FRiP_score	
ENCFF628ARL	bigWig	bigWig		signal_p-value	GRCh38	ENCSR086OGH	ATAC-seq	/human-donors/ENCDO451RUA/	UBERON:0001159	sigmoid_colon	tissue	Homo_sapiens											DNA						2016-06-15	ENCODE			150-250	1	1_1							/files/ENCFF182ZGK/	1066372356	ENCODE_Processing_Pipeline	ec51ecf40b45a9d87a60f322aff8b669		https://www.encodeproject.org/files/ENCFF628ARL/@@download/ENCFF628ARL.bigWig				released	s3://encode-public/2021/02/25/28217bb8-30cb-4592-b735-f8294abf142d/ENCFF628ARL.bigWig	https://datasetencode.blob.core.windows.net/dataset/2021/02/25/28217bb8-30cb-4592-b735-f8294abf142d/ENCFF628ARL.bigWig?sv=2019-10-10&si=prod&sr=c&sig=9qSQZo4ggrCNpybBExU8SypuUZV33igI11xw0P7rB3c%3D	ENCODE4_v1.9.1_GRCh38	released	mild_to_moderate_bottlenecking,_moderate_library_complexity,_moderate_number_of_reproducible_peaks	low_FRiP_score	
ENCFF469LGT	bigBed_narrowPeak	bigBed	narrowPeak	IDR_thresholded_peaks	GRCh38	ENCSR086OGH	ATAC-seq	/human-donors/ENCDO451RUA/	UBERON:0001159	sigmoid_colon	tissue	Homo_sapiens											DNA						2016-06-15	ENCODE			150-250	1	1_1							/files/ENCFF697MUB/	3156933	ENCODE_Processing_Pipeline	66023deb2c6ae471403eb3cf45492a07		https://www.encodeproject.org/files/ENCFF469LGT/@@download/ENCFF469LGT.bigBed				released	s3://encode-public/2021/02/25/67cca503-66b3-46d7-880d-f7e0aa3e3255/ENCFF469LGT.bigBed	https://datasetencode.blob.core.windows.net/dataset/2021/02/25/67cca503-66b3-46d7-880d-f7e0aa3e3255/ENCFF469LGT.bigBed?sv=2019-10-10&si=prod&sr=c&sig=9qSQZo4ggrCNpybBExU8SypuUZV33igI11xw0P7rB3c%3D	ENCODE4_v1.9.1_GRCh38	released	mild_to_moderate_bottlenecking,_moderate_library_complexity,_moderate_number_of_reproducible_peaks	low_FRiP_score	
ENCFF270JNZ	bed_narrowPeak	bed	narrowPeak	pseudoreplicated_peaks	GRCh38	ENCSR086OGH	ATAC-seq	/human-donors/ENCDO451RUA/	UBERON:0001159	sigmoid_colon	tissue	Homo_sapiens											DNA						2016-06-15	ENCODE			150-250	1	1_1							/files/ENCFF356LFX/,_/files/ENCFF182ZGK/	2760924	ENCODE_Processing_Pipeline	527acde68e0be423b391318d071243cb		https://www.encodeproject.org/files/ENCFF270JNZ/@@download/ENCFF270JNZ.bed.gz				released	s3://encode-public/2021/02/25/4b3e56ad-49c2-40c7-99b6-e98b9ae378cf/ENCFF270JNZ.bed.gz	https://datasetencode.blob.core.windows.net/dataset/2021/02/25/4b3e56ad-49c2-40c7-99b6-e98b9ae378cf/ENCFF270JNZ.bed.gz?sv=2019-10-10&si=prod&sr=c&sig=9qSQZo4ggrCNpybBExU8SypuUZV33igI11xw0P7rB3c%3D	ENCODE4_v1.9.1_GRCh38	released	mild_to_moderate_bottlenecking,_moderate_library_complexity,_moderate_number_of_reproducible_peaks	low_FRiP_score	
ENCFF059CGX	bam	bam		unfiltered_alignments	GRCh38	ENCSR086OGH	ATAC-seq	/human-donors/ENCDO451RUA/	UBERON:0001159	sigmoid_colon	tissue	Homo_sapiens											DNA						2016-06-15	ENCODE			150-250	1	1_1		101					/files/ENCFF591BAY/,_/files/ENCFF332SCG/,_/files/ENCFF110MCL/	13701393831	ENCODE_Processing_Pipeline	4fc3625545b1d686dd5b10417684fe64		https://www.encodeproject.org/files/ENCFF059CGX/@@download/ENCFF059CGX.bam				released	s3://encode-public/2021/02/25/899c5e37-883b-4efb-9b63-3e1fd297a284/ENCFF059CGX.bam	https://datasetencode.blob.core.windows.net/dataset/2021/02/25/899c5e37-883b-4efb-9b63-3e1fd297a284/ENCFF059CGX.bam?sv=2019-10-10&si=prod&sr=c&sig=9qSQZo4ggrCNpybBExU8SypuUZV33igI11xw0P7rB3c%3D	ENCODE4_v1.9.1_GRCh38	released	mild_to_moderate_bottlenecking,_moderate_library_complexity,_moderate_number_of_reproducible_peaks	low_FRiP_score	
ENCFF182ZGK	bam	bam		alignments	GRCh38	ENCSR086OGH	ATAC-seq	/human-donors/ENCDO451RUA/	UBERON:0001159	sigmoid_colon	tissue	Homo_sapiens											DNA						2016-06-15	ENCODE			150-250	1	1_1		101					/files/ENCFF110MCL/,_/files/ENCFF304XEX/,_/files/ENCFF493CCB/,_/files/ENCFF332SCG/,_/files/ENCFF212UAV/,_/files/ENCFF356LFX/,_/files/ENCFF591BAY/,_/files/ENCFF140XLU/	6105877645	ENCODE_Processing_Pipeline	89d7411772c90678fc9ba99ca50841e3		https://www.encodeproject.org/files/ENCFF182ZGK/@@download/ENCFF182ZGK.bam				released	s3://encode-public/2021/02/25/561ed9a8-65c1-4a48-abec-ee6f10fd2fe1/ENCFF182ZGK.bam	https://datasetencode.blob.core.windows.net/dataset/2021/02/25/561ed9a8-65c1-4a48-abec-ee6f10fd2fe1/ENCFF182ZGK.bam?sv=2019-10-10&si=prod&sr=c&sig=9qSQZo4ggrCNpybBExU8SypuUZV33igI11xw0P7rB3c%3D	ENCODE4_v1.9.1_GRCh38	released	mild_to_moderate_bottlenecking,_moderate_library_complexity,_moderate_number_of_reproducible_peaks	low_FRiP_score	
ENCFF287UHP	bigBed_narrowPeak	bigBed	narrowPeak	pseudoreplicated_peaks	GRCh38	ENCSR086OGH	ATAC-seq	/human-donors/ENCDO451RUA/	UBERON:0001159	sigmoid_colon	tissue	Homo_sapiens											DNA						2016-06-15	ENCODE			150-250	1	1_1							/files/ENCFF270JNZ/	6569988	ENCODE_Processing_Pipeline	46f2ae76779da5be7de09b63d5c2ceb9		https://www.encodeproject.org/files/ENCFF287UHP/@@download/ENCFF287UHP.bigBed				released	s3://encode-public/2021/02/25/1b862318-d014-4eeb-9e2b-cf0aafdd7298/ENCFF287UHP.bigBed	https://datasetencode.blob.core.windows.net/dataset/2021/02/25/1b862318-d014-4eeb-9e2b-cf0aafdd7298/ENCFF287UHP.bigBed?sv=2019-10-10&si=prod&sr=c&sig=9qSQZo4ggrCNpybBExU8SypuUZV33igI11xw0P7rB3c%3D	ENCODE4_v1.9.1_GRCh38	released	mild_to_moderate_bottlenecking,_moderate_library_complexity,_moderate_number_of_reproducible_peaks	low_FRiP_score	
